股票名称,股票代码,日期,开盘,收盘,最高,最低,成交量,成交额,振幅,涨跌幅,涨跌额,换手率
谷歌-A,GOOGL,2021-03-03,101.998,99.971,103.2,99.1,1694645,3430414816.0,4.0,-2.59,-2.653,0.56
谷歌-A,GOOGL,2021-03-04,100.143,101.097,103.13,99.672,2460786,5016816896.0,3.46,1.13,1.126,0.82
谷歌-A,GOOGL,2021-03-05,102.458,104.254,104.71,100.789,2654977,5510093824.0,3.88,3.12,3.157,0.88
谷歌-A,GOOGL,2021-03-08,103.603,99.775,105.087,99.66,1843371,3778656400.0,5.21,-4.3,-4.479,0.61
谷歌-A,GOOGL,2021-03-09,101.888,101.418,102.596,101.18,1696031,3474378928.0,1.42,1.65,1.643,0.56
谷歌-A,GOOGL,2021-03-10,102.47,101.21,102.47,100.367,1355004,2762710624.0,2.07,-0.21,-0.208,0.45
谷歌-A,GOOGL,2021-03-11,102.311,104.427,104.964,102.223,1385130,2899940192.0,2.71,3.18,3.217,0.46
谷歌-A,GOOGL,2021-03-12,103.221,101.9,103.281,101.021,1690899,3465366416.0,2.16,-2.42,-2.527,0.56
谷歌-A,GOOGL,2021-03-15,101.649,102.122,102.15,100.79,1310741,2679228752.0,1.33,0.22,0.222,0.44
谷歌-A,GOOGL,2021-03-16,102.7,103.595,105.084,102.365,1595015,3332248896.0,2.66,1.44,1.473,0.53
谷歌-A,GOOGL,2021-03-17,102.824,103.511,104.35,101.606,1319126,2732826000.0,2.65,-0.08,-0.084,0.44
谷歌-A,GOOGL,2021-03-18,101.809,100.467,102.837,100.359,1585648,3225233712.0,2.39,-2.94,-3.044,0.53
谷歌-A,GOOGL,2021-03-19,100.887,100.748,101.252,99.547,2303596,4670013184.0,1.7,0.28,0.281,0.77
谷歌-A,GOOGL,2021-03-22,100.782,100.935,101.817,100.1,1676771,3406532480.0,1.7,0.19,0.187,0.56
谷歌-A,GOOGL,2021-03-23,101.398,101.467,102.606,100.8,1425456,2917319712.0,1.79,0.53,0.532,0.47
谷歌-A,GOOGL,2021-03-24,101.988,101.027,102.78,100.85,1260853,2577670064.0,1.9,-0.43,-0.44,0.42
谷歌-A,GOOGL,2021-03-25,100.853,101.023,101.682,99.205,1780787,3608867344.0,2.45,0.0,-0.004,0.59
谷歌-A,GOOGL,2021-03-26,100.99,100.637,101.369,99.593,1398875,2827972512.0,1.76,-0.38,-0.386,0.47
谷歌-A,GOOGL,2021-03-29,100.508,101.69,101.861,99.673,1324631,2696547568.0,2.17,1.05,1.053,0.44
谷歌-A,GOOGL,2021-03-30,102.049,101.724,102.534,101.208,1365856,2797814112.0,1.3,0.03,0.034,0.45
谷歌-A,GOOGL,2021-03-31,102.12,102.526,103.713,101.75,2128482,4399427328.0,1.93,0.79,0.802,0.71
谷歌-A,GOOGL,2021-04-01,104.013,105.889,106.188,103.972,1994005,4220108576.0,2.16,3.28,3.363,0.66
谷歌-A,GOOGL,2021-04-05,106.758,110.348,110.85,106.66,2425480,5341258752.0,3.96,4.21,4.459,0.81
谷歌-A,GOOGL,2021-04-06,109.946,109.863,110.8,109.49,1762039,3896993216.0,1.19,-0.44,-0.485,0.59
谷歌-A,GOOGL,2021-04-07,110.055,111.352,111.625,110.055,1206696,2693462928.0,1.43,1.36,1.489,0.4
谷歌-A,GOOGL,2021-04-08,112.6,111.922,112.989,111.551,1433214,3226503904.0,1.29,0.51,0.57,0.48
谷歌-A,GOOGL,2021-04-09,111.672,112.934,113.099,111.263,1307265,2955391376.0,1.64,0.9,1.012,0.43
谷歌-A,GOOGL,2021-04-12,112.106,111.631,112.244,110.791,1251183,2809163712.0,1.29,-1.15,-1.303,0.42
谷歌-A,GOOGL,2021-04-13,111.95,112.122,112.574,111.553,1284078,2893698352.0,0.91,0.44,0.491,0.43
谷歌-A,GOOGL,2021-04-14,112.772,111.496,112.772,111.201,1050143,2362306912.0,1.4,-0.56,-0.626,0.35
谷歌-A,GOOGL,2021-04-15,112.498,113.663,114.2,111.959,1458749,3325823696.0,2.01,1.94,2.167,0.49
谷歌-A,GOOGL,2021-04-16,113.862,113.538,114.112,112.946,1314139,3000794640.0,1.03,-0.11,-0.125,0.44
谷歌-A,GOOGL,2021-04-19,112.909,113.888,114.605,112.909,1514470,3465414848.0,1.49,0.31,0.35,0.5
谷歌-A,GOOGL,2021-04-20,114.275,113.351,114.35,112.256,1114416,2539411424.0,1.84,-0.47,-0.537,0.37
谷歌-A,GOOGL,2021-04-21,113.003,113.318,113.4,111.641,1160209,2630130720.0,1.55,-0.03,-0.033,0.39
谷歌-A,GOOGL,2021-04-22,113.17,112.026,113.844,111.416,1207276,2727988736.0,2.14,-1.14,-1.292,0.4
谷歌-A,GOOGL,2021-04-23,112.75,114.397,114.706,112.463,1455554,3337276208.0,2.0,2.12,2.371,0.48
谷歌-A,GOOGL,2021-04-26,114.626,114.897,115.627,114.266,1601892,3702335792.0,1.19,0.44,0.5,0.53
谷歌-A,GOOGL,2021-04-27,115.282,113.949,115.323,113.708,2219280,5093681408.0,1.41,-0.83,-0.948,0.74
谷歌-A,GOOGL,2021-04-28,119.025,117.352,120.969,117.061,4055340,9675912960.0,3.43,2.99,3.403,1.35
谷歌-A,GOOGL,2021-04-29,118.862,119.038,119.608,118.093,2061654,4928580352.0,1.29,1.44,1.686,0.69
谷歌-A,GOOGL,2021-04-30,117.801,117.075,118.493,116.728,2242838,5287233536.0,1.48,-1.65,-1.963,0.75
谷歌-A,GOOGL,2021-05-03,117.646,116.554,118.478,116.175,1412139,3324354096.0,1.97,-0.45,-0.521,0.47
谷歌-A,GOOGL,2021-05-04,115.078,114.742,115.649,112.234,2240932,5131866112.0,2.93,-1.55,-1.812,0.75
谷歌-A,GOOGL,2021-05-05,115.832,115.139,116.15,114.814,1331809,3091093888.0,1.16,0.35,0.397,0.44
谷歌-A,GOOGL,2021-05-06,114.717,116.268,116.268,114.052,1259523,2927381088.0,1.92,0.98,1.129,0.42
谷歌-A,GOOGL,2021-05-07,117.595,116.997,117.963,116.708,1444862,3406024512.0,1.08,0.63,0.729,0.48
谷歌-A,GOOGL,2021-05-10,115.807,113.988,115.95,113.627,1545729,3554332160.0,1.99,-2.57,-3.009,0.51
谷歌-A,GOOGL,2021-05-11,111.554,112.903,113.414,111.096,1709292,3867144592.0,2.03,-0.95,-1.085,0.57
谷歌-A,GOOGL,2021-05-12,110.71,109.413,111.799,109.081,2318774,5124230656.0,2.41,-3.09,-3.49,0.77
谷歌-A,GOOGL,2021-05-13,110.706,110.852,111.372,109.736,1661020,3699361376.0,1.5,1.32,1.439,0.55
谷歌-A,GOOGL,2021-05-14,112.327,113.319,113.636,111.9,1599829,3632599728.0,1.57,2.23,2.467,0.53
谷歌-A,GOOGL,2021-05-17,112.579,113.846,113.889,112.176,1079869,2461059968.0,1.51,0.47,0.527,0.36
谷歌-A,GOOGL,2021-05-18,114.518,112.524,114.784,112.51,1110185,2533268256.0,2.0,-1.16,-1.322,0.37
谷歌-A,GOOGL,2021-05-19,110.822,112.975,113.15,110.672,1184205,2673861472.0,2.2,0.4,0.451,0.39
谷歌-A,GOOGL,2021-05-20,113.95,114.748,115.0,113.576,1617550,3722223040.0,1.26,1.57,1.773,0.54
谷歌-A,GOOGL,2021-05-21,115.271,114.107,115.345,113.865,2031590,4673233920.0,1.29,-0.56,-0.641,0.68
谷歌-A,GOOGL,2021-05-24,115.145,117.452,117.678,114.998,1591610,3746483664.0,2.35,2.93,3.345,0.53
谷歌-A,GOOGL,2021-05-25,118.0,117.544,118.6,117.15,1121982,2654077888.0,1.23,0.08,0.092,0.37
谷歌-A,GOOGL,2021-05-26,117.726,118.416,118.85,117.723,1078598,2566962688.0,0.96,0.74,0.872,0.36
谷歌-A,GOOGL,2021-05-27,118.853,117.534,118.853,117.213,1761201,4170479200.0,1.38,-0.74,-0.882,0.59
谷歌-A,GOOGL,2021-05-28,118.121,117.243,118.204,117.043,1074540,2539681072.0,0.99,-0.25,-0.291,0.36
谷歌-A,GOOGL,2021-06-01,118.122,118.459,118.686,117.114,1167901,2773488800.0,1.34,1.04,1.216,0.39
谷歌-A,GOOGL,2021-06-02,118.858,117.93,119.082,117.018,1058146,2508421504.0,1.74,-0.45,-0.529,0.35
谷歌-A,GOOGL,2021-06-03,116.687,116.779,117.251,115.876,934796,2191085920.0,1.17,-0.98,-1.151,0.31
谷歌-A,GOOGL,2021-06-04,117.864,119.079,119.352,117.521,1222910,2922228400.0,1.57,1.97,2.3,0.41
谷歌-A,GOOGL,2021-06-07,118.872,119.515,119.625,118.45,1205966,2888537712.0,0.99,0.37,0.436,0.4
谷歌-A,GOOGL,2021-06-08,120.001,119.322,120.376,119.139,1211992,2914138848.0,1.04,-0.16,-0.193,0.4
谷歌-A,GOOGL,2021-06-09,119.972,119.797,120.044,119.245,897052,2159018048.0,0.67,0.4,0.475,0.3
谷歌-A,GOOGL,2021-06-10,119.746,121.157,121.2,119.589,1295375,3144342176.0,1.34,1.14,1.36,0.43
谷歌-A,GOOGL,2021-06-11,121.4,120.91,121.486,120.348,1097907,2667039264.0,0.94,-0.2,-0.247,0.37
谷歌-A,GOOGL,2021-06-14,121.013,121.846,121.846,120.3,1104878,2691137024.0,1.28,0.77,0.936,0.37
谷歌-A,GOOGL,2021-06-15,121.85,120.82,122.176,120.456,1078107,2623703600.0,1.41,-0.84,-1.026,0.36
谷歌-A,GOOGL,2021-06-16,120.972,120.173,121.286,118.87,1323593,3200642496.0,2.0,-0.54,-0.647,0.44
谷歌-A,GOOGL,2021-06-17,120.098,121.144,121.923,119.9,1292444,3146683424.0,1.68,0.81,0.971,0.43
谷歌-A,GOOGL,2021-06-18,120.767,119.511,121.003,119.415,2305760,5558991872.0,1.31,-1.35,-1.633,0.77
谷歌-A,GOOGL,2021-06-21,119.901,121.213,121.4,119.299,1370683,3331117776.0,1.76,1.42,1.702,0.46
谷歌-A,GOOGL,2021-06-22,121.15,121.731,121.8,120.464,1119510,2729743088.0,1.1,0.43,0.518,0.37
谷歌-A,GOOGL,2021-06-23,121.494,121.527,122.496,121.235,957708,2341736752.0,1.04,-0.17,-0.204,0.32
谷歌-A,GOOGL,2021-06-24,122.1,121.9,122.456,121.7,1068257,2618674320.0,0.62,0.31,0.373,0.36
谷歌-A,GOOGL,2021-06-25,121.4,121.909,122.033,120.965,1729819,4231348432.0,0.88,0.01,0.009,0.58
谷歌-A,GOOGL,2021-06-28,122.079,121.936,122.185,120.806,1426271,3486411632.0,1.13,0.02,0.027,0.47
谷歌-A,GOOGL,2021-06-29,122.07,121.673,122.421,121.091,1155436,2826032960.0,1.09,-0.22,-0.263,0.38
谷歌-A,GOOGL,2021-06-30,121.395,121.49,121.657,120.755,1223699,2983926720.0,0.74,-0.15,-0.183,0.41
谷歌-A,GOOGL,2021-07-01,121.125,121.845,121.987,120.932,905641,2213692544.0,0.87,0.29,0.355,0.3
谷歌-A,GOOGL,2021-07-02,122.55,124.658,124.804,122.46,1300109,3241199440.0,1.92,2.31,2.813,0.43
谷歌-A,GOOGL,2021-07-06,125.049,125.59,125.828,123.983,1320179,3320942512.0,1.48,0.75,0.932,0.44
谷歌-A,GOOGL,2021-07-07,126.562,125.874,126.684,125.553,1202951,3045319472.0,0.9,0.23,0.284,0.4
谷歌-A,GOOGL,2021-07-08,123.426,124.444,124.996,123.422,1189467,2970108928.0,1.25,-1.14,-1.43,0.4
谷歌-A,GOOGL,2021-07-09,124.425,124.919,125.135,123.951,931584,2335624752.0,0.95,0.38,0.475,0.31
谷歌-A,GOOGL,2021-07-12,125.578,126.376,126.469,125.011,883389,2235837968.0,1.17,1.17,1.457,0.29
谷歌-A,GOOGL,2021-07-13,126.439,126.742,127.458,126.075,962347,2452084448.0,1.09,0.29,0.366,0.32
谷歌-A,GOOGL,2021-07-14,127.358,127.637,128.726,127.314,1187283,3050689648.0,1.11,0.71,0.895,0.39
谷歌-A,GOOGL,2021-07-15,128.049,126.405,128.1,125.93,1210940,3078973184.0,1.7,-0.97,-1.232,0.4
谷歌-A,GOOGL,2021-07-16,127.063,126.37,127.212,125.554,1021227,2591640256.0,1.31,-0.03,-0.035,0.34
谷歌-A,GOOGL,2021-07-19,125.49,123.978,125.605,122.905,1398379,3482249392.0,2.14,-1.89,-2.392,0.46
谷歌-A,GOOGL,2021-07-20,124.928,125.61,126.443,123.751,1315822,3320957200.0,2.17,1.32,1.632,0.44
谷歌-A,GOOGL,2021-07-21,125.534,126.949,126.996,125.424,1037309,2637034304.0,1.25,1.07,1.339,0.34
谷歌-A,GOOGL,2021-07-22,127.244,127.822,127.883,126.899,715094,1833452832.0,0.78,0.69,0.873,0.24
谷歌-A,GOOGL,2021-07-23,129.831,132.415,132.799,129.201,2075321,5483919360.0,2.81,3.59,4.593,0.69
谷歌-A,GOOGL,2021-07-26,132.728,133.435,133.637,131.702,1528574,4082954160.0,1.46,0.77,1.02,0.51
谷歌-A,GOOGL,2021-07-27,133.651,131.3,133.799,129.504,2735474,7214076416.0,3.22,-1.6,-2.135,0.91
谷歌-A,GOOGL,2021-07-28,135.712,135.494,137.697,134.678,4756530,13010716160.0,2.3,3.19,4.194,1.58
谷歌-A,GOOGL,2021-07-29,135.55,135.178,136.061,134.943,1585786,4313353472.0,0.83,-0.23,-0.316,0.53
谷歌-A,GOOGL,2021-07-30,134.435,134.127,134.705,133.655,1278789,3446361408.0,0.78,-0.78,-1.051,0.42
谷歌-A,GOOGL,2021-08-02,134.517,134.255,134.737,133.194,1081710,2914857856.0,1.15,0.1,0.128,0.36
谷歌-A,GOOGL,2021-08-03,134.535,135.03,135.132,132.72,1038094,2802990560.0,1.8,0.58,0.775,0.34
谷歌-A,GOOGL,2021-08-04,134.75,134.526,135.05,133.887,983801,2658627280.0,0.86,-0.37,-0.504,0.33
谷歌-A,GOOGL,2021-08-05,135.081,135.652,135.75,134.246,893450,2429040000.0,1.12,0.84,1.126,0.3
谷歌-A,GOOGL,2021-08-06,135.442,135.139,135.873,134.61,1024406,2782212288.0,0.93,-0.38,-0.513,0.34
谷歌-A,GOOGL,2021-08-09,135.343,136.313,136.584,134.739,888300,2424656496.0,1.37,0.87,1.174,0.3
谷歌-A,GOOGL,2021-08-10,136.742,136.207,137.172,135.765,970704,2658987200.0,1.03,-0.08,-0.106,0.32
谷歌-A,GOOGL,2021-08-11,136.582,135.679,137.082,135.672,767600,2097682912.0,1.04,-0.39,-0.528,0.25
谷歌-A,GOOGL,2021-08-12,135.376,136.594,136.7,134.826,825943,2258099888.0,1.38,0.67,0.915,0.27
谷歌-A,GOOGL,2021-08-13,136.65,137.128,137.257,136.433,797372,2194124704.0,0.6,0.39,0.534,0.26
谷歌-A,GOOGL,2021-08-16,136.925,137.71,137.763,134.699,1119918,3073638304.0,2.23,0.42,0.582,0.37
谷歌-A,GOOGL,2021-08-17,137.15,136.062,137.666,135.482,1085760,2973810096.0,1.59,-1.2,-1.648,0.36
谷歌-A,GOOGL,2021-08-18,135.9,134.849,136.504,134.722,962947,2621370384.0,1.31,-0.89,-1.213,0.32
谷歌-A,GOOGL,2021-08-19,133.836,135.08,135.753,133.65,1089127,2952959472.0,1.56,0.17,0.231,0.36
谷歌-A,GOOGL,2021-08-20,135.4,136.83,136.954,134.65,1559658,4270584192.0,1.71,1.3,1.75,0.52
谷歌-A,GOOGL,2021-08-23,137.37,139.442,140.275,137.008,1422670,3977873936.0,2.39,1.91,2.612,0.47
谷歌-A,GOOGL,2021-08-24,140.012,140.662,141.48,139.739,963361,2723514816.0,1.25,0.87,1.22,0.32
谷歌-A,GOOGL,2021-08-25,141.025,141.479,141.589,140.776,792574,2249086928.0,0.58,0.58,0.817,0.26
谷歌-A,GOOGL,2021-08-26,141.15,140.841,141.818,140.757,1030466,2922415648.0,0.75,-0.45,-0.638,0.34
谷歌-A,GOOGL,2021-08-27,141.053,143.404,143.913,140.897,1439010,4133183632.0,2.14,1.82,2.563,0.48
谷歌-A,GOOGL,2021-08-30,143.8,143.991,145.371,143.563,1221710,3540636848.0,1.26,0.41,0.587,0.41
谷歌-A,GOOGL,2021-08-31,144.547,144.098,144.571,143.681,1122438,3250014496.0,0.62,0.07,0.107,0.37
谷歌-A,GOOGL,2021-09-01,144.4,144.616,145.654,144.284,1096805,3190809168.0,0.95,0.36,0.518,0.36
谷歌-A,GOOGL,2021-09-02,144.616,142.687,144.919,142.585,1617907,4653270016.0,1.61,-1.33,-1.929,0.54
谷歌-A,GOOGL,2021-09-03,142.481,143.14,143.555,141.801,992718,2850523232.0,1.23,0.32,0.453,0.33
谷歌-A,GOOGL,2021-09-07,143.235,143.681,143.965,143.019,1006595,2902290112.0,0.66,0.38,0.541,0.33
谷歌-A,GOOGL,2021-09-08,143.5,143.091,143.8,142.4,917511,2635651568.0,0.97,-0.41,-0.59,0.3
谷歌-A,GOOGL,2021-09-09,143.241,142.941,143.711,142.578,765855,2202014224.0,0.79,-0.1,-0.15,0.25
谷歌-A,GOOGL,2021-09-10,143.613,140.276,144.119,140.138,1841967,5240907776.0,2.79,-1.86,-2.665,0.61
谷歌-A,GOOGL,2021-09-13,141.35,141.733,142.35,140.65,1104692,3139673152.0,1.21,1.04,1.457,0.37
谷歌-A,GOOGL,2021-09-14,142.395,141.945,142.763,141.15,983693,2803924208.0,1.14,0.15,0.212,0.33
谷歌-A,GOOGL,2021-09-15,142.172,143.83,143.851,140.748,1370379,3933034672.0,2.19,1.33,1.885,0.46
谷歌-A,GOOGL,2021-09-16,143.351,143.01,143.7,141.802,1309771,3755375312.0,1.32,-0.57,-0.82,0.44
谷歌-A,GOOGL,2021-09-17,142.431,140.2,142.85,139.87,2669223,7556122112.0,2.08,-1.96,-2.81,0.89
谷歌-A,GOOGL,2021-09-20,137.562,138.12,138.4,135.722,2325902,6415720448.0,1.91,-1.48,-2.08,0.77
谷歌-A,GOOGL,2021-09-21,139.15,138.433,139.412,137.678,1266595,3526847232.0,1.26,0.23,0.313,0.42
谷歌-A,GOOGL,2021-09-22,138.704,139.684,140.287,137.952,1252778,3508345360.0,1.69,0.9,1.251,0.42
谷歌-A,GOOGL,2021-09-23,140.388,140.616,141.097,139.802,1047550,2959569024.0,0.93,0.67,0.932,0.35
谷歌-A,GOOGL,2021-09-24,139.939,141.615,141.73,139.641,1149195,3257262992.0,1.49,0.71,0.999,0.38
谷歌-A,GOOGL,2021-09-27,140.204,140.472,141.338,139.468,1094098,3088441696.0,1.32,-0.81,-1.143,0.36
谷歌-A,GOOGL,2021-09-28,138.055,135.23,138.497,134.76,2288610,6242124032.0,2.66,-3.73,-5.242,0.76
谷歌-A,GOOGL,2021-09-29,136.38,133.754,136.551,133.265,1542435,4169897888.0,2.43,-1.09,-1.476,0.51
谷歌-A,GOOGL,2021-09-30,133.662,133.076,134.943,132.956,1901440,5111772160.0,1.49,-0.51,-0.678,0.63
谷歌-A,GOOGL,2021-10-01,133.848,135.943,136.311,133.473,1768009,4798417920.0,2.13,2.15,2.867,0.59
谷歌-A,GOOGL,2021-10-04,135.361,133.06,135.361,130.45,2560097,6802055936.0,3.61,-2.12,-2.883,0.85
谷歌-A,GOOGL,2021-10-05,133.441,135.423,136.625,133.441,1620163,4408313600.0,2.39,1.78,2.363,0.54
谷歌-A,GOOGL,2021-10-06,134.15,136.965,137.15,133.95,1218214,3330638896.0,2.36,1.14,1.542,0.4
谷歌-A,GOOGL,2021-10-07,138.292,138.625,139.442,138.051,1255507,3500756144.0,1.02,1.21,1.66,0.42
谷歌-A,GOOGL,2021-10-08,138.977,139.186,139.731,138.618,1326292,3707348992.0,0.8,0.4,0.561,0.44
谷歌-A,GOOGL,2021-10-11,138.692,138.314,140.112,138.259,897681,2506859056.0,1.33,-0.63,-0.872,0.3
谷歌-A,GOOGL,2021-10-12,138.88,135.849,138.907,135.16,1816612,4968499200.0,2.71,-1.78,-2.465,0.6
谷歌-A,GOOGL,2021-10-13,136.803,136.982,137.4,135.919,983116,2700725584.0,1.09,0.83,1.133,0.33
谷歌-A,GOOGL,2021-10-14,138.874,140.551,140.737,138.225,1596397,4490291968.0,1.83,2.61,3.569,0.53
谷歌-A,GOOGL,2021-10-15,141.015,140.768,141.118,140.155,1513722,4277752944.0,0.69,0.15,0.217,0.5
谷歌-A,GOOGL,2021-10-18,140.477,142.178,142.196,140.469,1019808,2901458688.0,1.23,1.0,1.41,0.34
谷歌-A,GOOGL,2021-10-19,142.788,142.637,143.063,142.0,1008150,2885546672.0,0.75,0.32,0.459,0.34
谷歌-A,GOOGL,2021-10-20,142.738,141.169,142.946,140.777,1164403,3310959168.0,1.52,-1.03,-1.468,0.39
谷歌-A,GOOGL,2021-10-21,141.169,141.286,141.556,139.9,1314613,3720450704.0,1.17,0.08,0.117,0.44
谷歌-A,GOOGL,2021-10-22,138.55,136.967,139.983,135.456,2529448,6968933888.0,3.2,-3.06,-4.319,0.84
谷歌-A,GOOGL,2021-10-25,136.95,136.847,137.4,134.824,1720613,4717727232.0,1.88,-0.09,-0.12,0.57
谷歌-A,GOOGL,2021-10-26,138.664,138.709,139.483,137.705,2461751,6850613760.0,1.3,1.36,1.862,0.82
谷歌-A,GOOGL,2021-10-27,138.805,145.618,148.05,138.805,4289070,12467482624.0,6.67,4.98,6.909,1.43
谷歌-A,GOOGL,2021-10-28,146.535,145.249,146.558,144.027,1810319,5281035008.0,1.74,-0.25,-0.369,0.6
谷歌-A,GOOGL,2021-10-29,144.478,147.446,147.642,144.05,2166015,6376430592.0,2.47,1.51,2.197,0.72
谷歌-A,GOOGL,2021-11-01,147.446,142.897,147.446,142.626,2346162,6803226368.0,3.27,-3.09,-4.549,0.78
谷歌-A,GOOGL,2021-11-02,143.98,144.833,146.009,143.736,1674112,4871507200.0,1.59,1.35,1.936,0.56
谷歌-A,GOOGL,2021-11-03,145.301,145.998,146.069,143.991,1374662,4007022976.0,1.43,0.8,1.165,0.46
谷歌-A,GOOGL,2021-11-04,146.525,147.668,149.134,145.708,1920563,5697244672.0,2.35,1.14,1.67,0.64
谷歌-A,GOOGL,2021-11-05,148.57,148.252,149.728,147.597,1917737,5725244672.0,1.44,0.4,0.584,0.64
谷歌-A,GOOGL,2021-11-08,149.225,148.431,150.015,147.831,1152625,3442816032.0,1.47,0.12,0.179,0.38
谷歌-A,GOOGL,2021-11-09,148.633,148.319,149.235,146.645,976487,2902320656.0,1.74,-0.08,-0.112,0.32
谷歌-A,GOOGL,2021-11-10,146.9,145.294,147.47,143.938,1498490,4385405440.0,2.38,-2.04,-3.025,0.5
谷歌-A,GOOGL,2021-11-11,145.89,145.167,146.936,145.001,825874,2414899840.0,1.33,-0.09,-0.127,0.27
谷歌-A,GOOGL,2021-11-12,146.016,148.078,148.25,144.811,1118000,3306831120.0,2.37,2.01,2.911,0.37
谷歌-A,GOOGL,2021-11-15,148.301,147.852,148.95,146.975,1175352,3490634576.0,1.33,-0.15,-0.226,0.39
谷歌-A,GOOGL,2021-11-16,147.55,147.276,148.163,146.713,945200,2798293664.0,0.98,-0.39,-0.576,0.31
谷歌-A,GOOGL,2021-11-17,147.428,147.447,147.96,146.64,979975,2898732976.0,0.9,0.12,0.171,0.33
谷歌-A,GOOGL,2021-11-18,147.642,149.239,149.981,147.285,1781411,5326020096.0,1.83,1.22,1.792,0.59
谷歌-A,GOOGL,2021-11-19,149.375,148.327,150.367,148.299,1684969,5039568640.0,1.39,-0.61,-0.912,0.56
谷歌-A,GOOGL,2021-11-22,148.733,145.702,149.23,145.548,1531460,4511301632.0,2.48,-1.77,-2.625,0.51
谷歌-A,GOOGL,2021-11-23,145.553,145.182,146.06,143.515,1361558,3960883984.0,1.75,-0.36,-0.52,0.45
谷歌-A,GOOGL,2021-11-24,144.874,145.52,145.649,143.773,902007,2627005936.0,1.29,0.23,0.338,0.3
谷歌-A,GOOGL,2021-11-26,143.749,141.583,143.958,141.243,1523462,4352508160.0,1.87,-2.71,-3.937,0.51
谷歌-A,GOOGL,2021-11-29,143.4,144.931,145.698,143.294,1629752,4733950976.0,1.7,2.36,3.348,0.54
谷歌-A,GOOGL,2021-11-30,144.409,141.298,145.4,141.002,2103361,6007615488.0,3.03,-2.51,-3.633,0.7
谷歌-A,GOOGL,2021-12-01,143.4,140.452,145.35,140.312,1702762,4876376320.0,3.57,-0.6,-0.846,0.57
谷歌-A,GOOGL,2021-12-02,140.65,142.366,143.265,139.615,1459742,4163708800.0,2.6,1.36,1.914,0.49
谷歌-A,GOOGL,2021-12-03,143.081,141.402,143.8,139.701,2061508,5846636800.0,2.88,-0.68,-0.964,0.69
谷歌-A,GOOGL,2021-12-06,142.441,142.555,143.253,139.55,1530905,4364125440.0,2.62,0.82,1.153,0.51
谷歌-A,GOOGL,2021-12-07,144.997,146.67,146.931,144.628,1612015,4735512320.0,1.62,2.89,4.115,0.54
谷歌-A,GOOGL,2021-12-08,146.997,147.587,147.793,145.806,1213516,3586794288.0,1.35,0.63,0.917,0.4
谷歌-A,GOOGL,2021-12-09,146.991,147.039,148.5,146.515,1163486,3441501968.0,1.34,-0.37,-0.548,0.39
谷歌-A,GOOGL,2021-12-10,148.1,147.402,148.378,146.104,1223138,3617544128.0,1.55,0.25,0.363,0.41
谷歌-A,GOOGL,2021-12-13,147.182,145.227,147.37,144.918,1353470,3957807136.0,1.66,-1.48,-2.175,0.45
谷歌-A,GOOGL,2021-12-14,143.368,143.307,143.88,140.615,1922312,5499909376.0,2.25,-1.32,-1.92,0.64
谷歌-A,GOOGL,2021-12-15,142.809,145.841,146.121,141.078,1818523,5254832640.0,3.52,1.77,2.534,0.6
谷歌-A,GOOGL,2021-12-16,146.571,143.845,147.077,143.007,1682519,4882768640.0,2.79,-1.37,-1.996,0.56
谷歌-A,GOOGL,2021-12-17,141.9,141.125,143.235,140.7,2550894,7249474048.0,1.76,-1.89,-2.72,0.85
谷歌-A,GOOGL,2021-12-20,139.4,141.007,141.175,138.721,1359618,3826655664.0,1.74,-0.08,-0.118,0.45
谷歌-A,GOOGL,2021-12-21,141.454,142.873,143.269,139.903,1437768,4106225152.0,2.39,1.32,1.866,0.48
谷歌-A,GOOGL,2021-12-22,142.468,145.815,145.9,142.468,1316119,3835865920.0,2.4,2.06,2.942,0.44
谷歌-A,GOOGL,2021-12-23,145.9,146.317,147.644,145.852,1319172,3883519040.0,1.23,0.34,0.502,0.44
谷歌-A,GOOGL,2021-12-27,146.656,147.307,147.744,146.569,799223,2363351008.0,0.8,0.68,0.99,0.27
谷歌-A,GOOGL,2021-12-28,147.636,146.087,147.699,145.454,912715,2680346496.0,1.52,-0.83,-1.22,0.3
谷歌-A,GOOGL,2021-12-29,146.044,146.055,146.817,145.048,889373,2607105632.0,1.21,-0.02,-0.032,0.3
谷歌-A,GOOGL,2021-12-30,146.094,145.601,146.7,145.395,784386,2299094048.0,0.89,-0.31,-0.454,0.26
谷歌-A,GOOGL,2021-12-31,145.45,144.252,146.099,144.252,906759,2632327968.0,1.27,-0.93,-1.349,0.3
谷歌-A,GOOGL,2022-01-03,144.455,144.392,145.251,143.113,1433947,4158149216.0,1.48,0.1,0.14,0.48
谷歌-A,GOOGL,2022-01-04,144.796,143.8,145.885,143.116,1419972,4109518080.0,1.92,-0.41,-0.592,0.47
谷歌-A,GOOGL,2022-01-05,143.82,137.175,143.899,137.088,2730914,7643373824.0,4.74,-4.61,-6.625,0.91
谷歌-A,GOOGL,2022-01-06,136.399,137.148,139.34,135.959,1867371,5166141696.0,2.46,-0.02,-0.027,0.62
谷歌-A,GOOGL,2022-01-07,137.546,136.417,137.845,135.191,1488028,4080167088.0,1.94,-0.53,-0.731,0.49
谷歌-A,GOOGL,2022-01-10,134.478,138.07,138.22,132.565,2220406,6053194496.0,4.15,1.21,1.653,0.74
谷歌-A,GOOGL,2022-01-11,137.407,139.136,139.616,136.092,1436485,3993406704.0,2.55,0.77,1.066,0.48
谷歌-A,GOOGL,2022-01-12,140.55,140.831,142.008,140.095,1305602,3696163104.0,1.37,1.22,1.695,0.43
谷歌-A,GOOGL,2022-01-13,140.94,137.987,142.25,137.809,1571830,4401513984.0,3.15,-2.02,-2.844,0.52
谷歌-A,GOOGL,2022-01-14,136.479,138.881,140.142,136.399,1483064,4134151984.0,2.71,0.65,0.894,0.49
谷歌-A,GOOGL,2022-01-18,135.575,135.398,136.532,134.838,1744405,4748719104.0,1.22,-2.51,-3.483,0.58
谷歌-A,GOOGL,2022-01-19,135.924,134.517,137.36,134.416,1432382,3904970896.0,2.17,-0.65,-0.881,0.48
谷歌-A,GOOGL,2022-01-20,135.65,132.708,137.026,132.365,1495357,4051653552.0,3.46,-1.34,-1.809,0.5
谷歌-A,GOOGL,2022-01-21,131.994,129.752,134.266,129.487,2782571,7348759808.0,3.6,-2.23,-2.956,0.93
谷歌-A,GOOGL,2022-01-24,125.378,130.204,130.603,123.9,3834712,9788666112.0,5.17,0.35,0.452,1.28
谷歌-A,GOOGL,2022-01-25,128.14,126.335,128.799,125.901,2348028,5991039744.0,2.23,-2.97,-3.869,0.78
谷歌-A,GOOGL,2022-01-26,130.519,128.633,132.4,126.542,2456475,6388281088.0,4.64,1.82,2.298,0.82
谷歌-A,GOOGL,2022-01-27,130.704,128.405,132.052,128.332,1600939,4176211392.0,2.89,-0.18,-0.228,0.53
谷歌-A,GOOGL,2022-01-28,129.059,132.751,132.757,127.885,1718074,4526784000.0,3.79,3.38,4.346,0.57
谷歌-A,GOOGL,2022-01-31,133.562,134.704,134.873,131.61,1999300,5378003200.0,2.46,1.47,1.953,0.66
谷歌-A,GOOGL,2022-02-01,136.995,137.044,137.193,133.769,3432182,9386054144.0,2.54,1.74,2.34,1.14
谷歌-A,GOOGL,2022-02-02,150.65,147.4,150.947,144.923,6159961,18299926784.0,4.4,7.56,10.356,2.05
谷歌-A,GOOGL,2022-02-03,145.106,142.49,149.075,142.065,3575861,10430820096.0,4.76,-3.33,-4.91,1.19
谷歌-A,GOOGL,2022-02-04,142.845,142.693,144.275,139.915,2899911,8298376192.0,3.06,0.14,0.203,0.96
谷歌-A,GOOGL,2022-02-07,143.65,138.601,143.65,138.3,2748665,7727421696.0,3.75,-2.87,-4.092,0.91
谷歌-A,GOOGL,2022-02-08,138.427,138.799,139.4,136.414,2714180,7526229248.0,2.15,0.14,0.198,0.9
谷歌-A,GOOGL,2022-02-09,140.364,140.992,141.924,139.587,2007194,5670600192.0,1.68,1.58,2.193,0.67
谷歌-A,GOOGL,2022-02-10,139.104,138.02,140.885,137.357,1966533,5478355200.0,2.5,-2.11,-2.972,0.65
谷歌-A,GOOGL,2022-02-11,138.0,133.683,138.556,132.8,1997917,5418175744.0,4.17,-3.14,-4.337,0.66
谷歌-A,GOOGL,2022-02-14,132.657,134.926,135.7,132.657,1715054,4635872256.0,2.28,0.93,1.243,0.57
谷歌-A,GOOGL,2022-02-15,136.971,136.009,137.509,135.222,1335563,3652174864.0,1.7,0.8,1.083,0.44
谷歌-A,GOOGL,2022-02-16,136.047,137.138,137.486,134.324,1251065,3422713296.0,2.32,0.83,1.129,0.42
谷歌-A,GOOGL,2022-02-17,135.643,131.939,136.513,131.879,1947475,5217663744.0,3.38,-3.79,-5.199,0.65
谷歌-A,GOOGL,2022-02-18,132.867,129.803,133.47,129.597,2280972,6000560896.0,2.94,-1.62,-2.136,0.76
谷歌-A,GOOGL,2022-02-22,129.238,129.214,131.58,127.623,2249537,5852435456.0,3.05,-0.45,-0.589,0.75
谷歌-A,GOOGL,2022-02-23,131.049,126.988,131.451,126.928,1639301,4230300080.0,3.5,-1.72,-2.226,0.55
谷歌-A,GOOGL,2022-02-24,124.353,132.091,132.4,124.353,2722754,7052875008.0,6.34,4.02,5.103,0.91
谷歌-A,GOOGL,2022-02-25,132.952,133.86,134.672,131.152,1820299,4874522880.0,2.66,1.34,1.769,0.61
谷歌-A,GOOGL,2022-02-28,132.45,134.457,135.152,131.992,1943221,5223177216.0,2.36,0.45,0.597,0.65
谷歌-A,GOOGL,2022-03-01,134.279,133.462,135.656,132.619,1324768,3561566304.0,2.26,-0.74,-0.995,0.44
谷歌-A,GOOGL,2022-03-02,134.028,133.972,134.663,132.472,1175990,3163508848.0,1.64,0.38,0.51,0.39
谷歌-A,GOOGL,2022-03-03,135.41,133.3,135.839,132.426,1230162,3308207424.0,2.55,-0.5,-0.672,0.41
谷歌-A,GOOGL,2022-03-04,132.328,131.307,133.252,129.738,1522532,4007935520.0,2.64,-1.5,-1.993,0.51
谷歌-A,GOOGL,2022-03-07,130.888,125.779,131.135,125.695,2255647,5760758784.0,4.14,-4.21,-5.528,0.75
谷歌-A,GOOGL,2022-03-08,125.65,126.505,130.65,125.075,2021355,5174138368.0,4.43,0.58,0.726,0.67
谷歌-A,GOOGL,2022-03-09,130.65,132.82,133.136,129.301,1851270,4897862400.0,3.03,4.99,6.315,0.62
谷歌-A,GOOGL,2022-03-10,130.666,131.83,132.672,130.313,1355070,3579249744.0,1.78,-0.75,-0.99,0.45
谷歌-A,GOOGL,2022-03-11,132.889,129.271,133.196,129.032,1576322,4134088608.0,3.16,-1.94,-2.559,0.52
谷歌-A,GOOGL,2022-03-14,129.65,125.351,129.809,124.675,1940563,4925672960.0,3.97,-3.03,-3.92,0.65
谷歌-A,GOOGL,2022-03-15,126.376,128.598,129.255,125.121,1545976,3972345936.0,3.3,2.59,3.247,0.51
谷歌-A,GOOGL,2022-03-16,130.133,132.681,132.733,128.135,1778849,4699898880.0,3.58,3.18,4.083,0.59
谷歌-A,GOOGL,2022-03-17,132.549,133.239,133.48,131.585,1413196,3771458688.0,1.43,0.42,0.558,0.47
谷歌-A,GOOGL,2022-03-18,132.825,135.526,135.644,131.658,2228345,6011866112.0,2.99,1.72,2.287,0.74
谷歌-A,GOOGL,2022-03-21,135.564,135.502,136.45,133.492,1341584,3644168336.0,2.18,-0.02,-0.024,0.45
谷歌-A,GOOGL,2022-03-22,135.502,139.268,140.45,135.502,1774777,4955543552.0,3.65,2.78,3.766,0.59
谷歌-A,GOOGL,2022-03-23,138.103,137.676,138.989,137.235,1257670,3488478080.0,1.26,-1.14,-1.592,0.42
谷歌-A,GOOGL,2022-03-24,138.6,140.972,141.019,137.151,1319828,3707934928.0,2.81,2.39,3.296,0.44
谷歌-A,GOOGL,2022-03-25,141.316,141.073,141.435,139.138,1207154,3411759808.0,1.63,0.07,0.101,0.4
谷歌-A,GOOGL,2022-03-28,140.301,140.856,141.403,139.211,1752463,4949950464.0,1.55,-0.15,-0.217,0.58
谷歌-A,GOOGL,2022-03-29,142.048,141.906,143.194,141.438,1715851,4899235584.0,1.25,0.75,1.05,0.57
谷歌-A,GOOGL,2022-03-30,141.86,141.339,142.12,141.0,994238,2825445344.0,0.79,-0.4,-0.567,0.33
谷歌-A,GOOGL,2022-03-31,141.453,138.468,141.508,138.425,1876236,5247311616.0,2.18,-2.03,-2.871,0.62
谷歌-A,GOOGL,2022-04-01,138.9,139.551,139.871,137.708,1297072,3623849200.0,1.56,0.78,1.083,0.43
谷歌-A,GOOGL,2022-04-04,139.759,142.372,143.112,139.711,1298542,3708633584.0,2.44,2.02,2.821,0.43
谷歌-A,GOOGL,2022-04-05,142.269,139.991,142.391,139.783,1070906,3022158112.0,1.83,-1.67,-2.381,0.36
谷歌-A,GOOGL,2022-04-06,138.15,135.948,138.761,134.917,1623424,4445491456.0,2.75,-2.89,-4.043,0.54
谷歌-A,GOOGL,2022-04-07,135.41,135.289,136.565,133.627,1311680,3565635696.0,2.16,-0.48,-0.659,0.44
谷歌-A,GOOGL,2022-04-08,134.984,132.688,135.07,132.366,1257140,3367492000.0,2.0,-1.92,-2.601,0.42
谷歌-A,GOOGL,2022-04-11,131.224,128.224,131.493,128.069,1844153,4783568128.0,2.58,-3.36,-4.464,0.61
谷歌-A,GOOGL,2022-04-12,131.0,127.115,131.0,126.189,1635535,4210568416.0,3.75,-0.86,-1.109,0.54
谷歌-A,GOOGL,2022-04-13,127.4,129.294,129.734,127.141,1396362,3627580912.0,2.04,1.71,2.179,0.46
谷歌-A,GOOGL,2022-04-14,129.88,126.13,129.88,126.001,1579899,4035020672.0,3.0,-2.45,-3.164,0.53
谷歌-A,GOOGL,2022-04-18,126.4,127.077,127.613,125.582,1040433,2651958176.0,1.61,0.75,0.947,0.35
谷歌-A,GOOGL,2022-04-19,127.092,129.409,129.733,126.4,1324488,3427997664.0,2.62,1.84,2.332,0.44
谷歌-A,GOOGL,2022-04-20,130.292,127.44,130.799,126.9,1584773,4082876944.0,3.01,-1.52,-1.969,0.53
谷歌-A,GOOGL,2022-04-21,128.65,124.215,129.499,123.927,1822258,4600176896.0,4.37,-2.53,-3.225,0.61
谷歌-A,GOOGL,2022-04-22,124.4,119.036,124.802,118.325,2844186,6874639104.0,5.21,-4.17,-5.179,0.95
谷歌-A,GOOGL,2022-04-25,118.501,122.474,122.678,117.911,2306413,5616155392.0,4.0,2.89,3.438,0.77
谷歌-A,GOOGL,2022-04-26,121.695,118.05,121.91,117.911,3652744,8738129664.0,3.27,-3.61,-4.424,1.21
谷歌-A,GOOGL,2022-04-27,113.869,113.695,116.642,112.137,4591029,10527066880.0,3.82,-3.69,-4.355,1.53
谷歌-A,GOOGL,2022-04-28,115.815,117.923,119.05,113.515,2444232,5724140032.0,4.87,3.72,4.228,0.81
谷歌-A,GOOGL,2022-04-29,116.135,113.51,117.32,113.215,2133800,4918034688.0,3.48,-3.74,-4.413,0.71
谷歌-A,GOOGL,2022-05-02,112.805,115.983,116.146,112.0,1776651,4095241744.0,3.65,2.18,2.473,0.59
谷歌-A,GOOGL,2022-05-03,115.831,116.734,117.842,115.435,1248368,2928306256.0,2.08,0.65,0.751,0.42
谷歌-A,GOOGL,2022-05-04,116.432,121.661,122.255,114.516,2495764,5966742528.0,6.63,4.22,4.927,0.83
谷歌-A,GOOGL,2022-05-05,119.604,115.906,120.439,114.406,2292029,5350511616.0,4.96,-4.73,-5.755,0.76
谷歌-A,GOOGL,2022-05-06,114.585,115.147,116.972,113.416,1985479,4602292480.0,3.07,-0.65,-0.759,0.66
谷歌-A,GOOGL,2022-05-09,112.65,111.911,114.477,111.401,2040143,4616833792.0,2.67,-2.81,-3.236,0.68
谷歌-A,GOOGL,2022-05-10,114.908,113.795,115.65,112.301,1995019,4580061952.0,2.99,1.68,1.884,0.66
谷歌-A,GOOGL,2022-05-11,112.637,113.003,115.764,112.637,1876737,4287699536.0,2.75,-0.7,-0.792,0.62
谷歌-A,GOOGL,2022-05-12,110.778,112.244,113.695,109.225,2691809,6033662976.0,3.96,-0.67,-0.759,0.89
谷歌-A,GOOGL,2022-05-13,113.933,115.451,117.275,113.005,1751924,4063266464.0,3.8,2.86,3.207,0.58
谷歌-A,GOOGL,2022-05-16,114.356,113.845,115.57,113.29,1299522,2980811744.0,1.97,-1.39,-1.606,0.43
谷歌-A,GOOGL,2022-05-17,116.241,115.873,116.3,114.27,1152658,2677904608.0,1.78,1.78,2.028,0.38
谷歌-A,GOOGL,2022-05-18,114.4,111.3,114.8,110.956,1756299,3960265840.0,3.32,-3.95,-4.573,0.58
谷歌-A,GOOGL,2022-05-19,110.832,109.784,112.41,109.4,1707220,3796804944.0,2.7,-1.36,-1.516,0.57
谷歌-A,GOOGL,2022-05-20,111.351,108.308,111.584,105.196,2448148,5305076736.0,5.82,-1.34,-1.476,0.81
谷歌-A,GOOGL,2022-05-23,108.988,110.888,111.548,108.141,1859247,4124247936.0,3.15,2.38,2.58,0.62
谷歌-A,GOOGL,2022-05-24,105.172,105.37,105.858,101.285,3838989,8022602752.0,4.12,-4.98,-5.518,1.28
谷歌-A,GOOGL,2022-05-25,104.386,105.205,105.9,103.257,2012867,4244506864.0,2.51,-0.16,-0.165,0.67
谷歌-A,GOOGL,2022-05-26,105.077,107.193,108.05,104.625,1897361,4084812288.0,3.26,1.89,1.988,0.63
谷歌-A,GOOGL,2022-05-27,108.883,111.717,111.718,108.538,1895706,4232373984.0,2.97,4.22,4.524,0.63
谷歌-A,GOOGL,2022-05-31,112.147,113.162,115.135,111.479,2500613,5698986240.0,3.27,1.29,1.445,0.83
谷歌-A,GOOGL,2022-06-01,114.255,113.292,116.502,112.65,1830276,4195307968.0,3.4,0.11,0.13,0.61
谷歌-A,GOOGL,2022-06-02,113.4,117.023,117.3,112.347,1899614,4416760320.0,4.37,3.29,3.731,0.63
谷歌-A,GOOGL,2022-06-03,115.463,113.941,115.722,112.919,1306773,2994228448.0,2.4,-2.63,-3.082,0.43
谷歌-A,GOOGL,2022-06-06,116.105,116.221,118.747,115.564,1677077,3938186864.0,2.79,2.0,2.28,0.56
谷歌-A,GOOGL,2022-06-07,114.881,116.55,117.091,114.452,1579523,3690249264.0,2.27,0.28,0.329,0.53
谷歌-A,GOOGL,2022-06-08,116.162,116.594,117.971,116.0,1305387,3066170992.0,1.69,0.04,0.044,0.43
谷歌-A,GOOGL,2022-06-09,115.728,114.236,117.699,114.176,1289898,3000616208.0,3.02,-2.02,-2.358,0.43
谷歌-A,GOOGL,2022-06-10,111.845,110.562,112.679,109.766,2074092,4622187520.0,2.55,-3.22,-3.674,0.69
谷歌-A,GOOGL,2022-06-13,106.187,105.793,108.192,105.519,2362596,5059486976.0,2.42,-4.31,-4.769,0.79
谷歌-A,GOOGL,2022-06-14,105.935,106.116,107.325,105.2,1685313,3597872640.0,2.01,0.31,0.323,0.56
谷歌-A,GOOGL,2022-06-15,107.945,109.165,110.824,107.07,1984909,4342528768.0,3.54,2.87,3.049,0.66
谷歌-A,GOOGL,2022-06-16,106.621,105.434,108.049,104.538,2584248,5502188544.0,3.22,-3.42,-3.731,0.86
谷歌-A,GOOGL,2022-06-17,105.434,106.544,108.099,104.446,2568826,5490254592.0,3.46,1.05,1.11,0.85
谷歌-A,GOOGL,2022-06-21,108.33,110.944,111.889,108.0,2370790,5286529280.0,3.65,4.13,4.4,0.79
谷歌-A,GOOGL,2022-06-22,109.957,110.888,112.747,109.782,1538707,3444987744.0,2.67,-0.05,-0.056,0.51
谷歌-A,GOOGL,2022-06-23,111.632,111.642,112.143,109.901,1418096,3172746000.0,2.02,0.68,0.754,0.47
谷歌-A,GOOGL,2022-06-24,112.395,117.375,117.479,112.353,2058184,4810366976.0,4.59,5.14,5.733,0.68
谷歌-A,GOOGL,2022-06-27,117.673,115.234,117.98,114.58,1821038,4239594624.0,2.9,-1.82,-2.141,0.61
谷歌-A,GOOGL,2022-06-28,115.203,111.408,116.71,111.248,1794048,4068668368.0,4.74,-3.32,-3.826,0.6
谷歌-A,GOOGL,2022-06-29,110.952,111.102,112.56,110.273,1235841,2760717760.0,2.05,-0.27,-0.306,0.41
谷歌-A,GOOGL,2022-06-30,109.4,108.363,110.288,106.15,2158453,4703721216.0,3.72,-2.47,-2.739,0.72
谷歌-A,GOOGL,2022-07-01,107.333,108.138,108.65,106.131,1773783,3833205472.0,2.32,-0.21,-0.225,0.59
谷歌-A,GOOGL,2022-07-05,106.501,112.663,112.777,105.132,1969982,4348432896.0,7.07,4.18,4.525,0.65
谷歌-A,GOOGL,2022-07-06,112.702,113.972,114.99,110.876,1871569,4262525312.0,3.65,1.16,1.309,0.62
谷歌-A,GOOGL,2022-07-07,114.48,118.183,118.59,114.234,2046794,4817521920.0,3.82,3.69,4.211,0.68
谷歌-A,GOOGL,2022-07-08,116.65,118.754,119.085,116.301,1911908,4542254080.0,2.36,0.48,0.571,0.64
谷歌-A,GOOGL,2022-07-11,117.398,115.077,117.398,114.731,1562185,3626219792.0,2.25,-3.1,-3.677,0.52
谷歌-A,GOOGL,2022-07-12,115.615,113.421,116.374,113.09,1497985,3439826880.0,2.85,-1.44,-1.656,0.5
谷歌-A,GOOGL,2022-07-13,111.101,110.754,113.596,110.602,2186101,4899201280.0,2.64,-2.35,-2.667,0.73
谷歌-A,GOOGL,2022-07-14,109.611,109.768,110.493,107.773,1850152,4070301456.0,2.46,-0.89,-0.986,0.62
谷歌-A,GOOGL,2022-07-15,111.401,111.178,112.541,110.3,2338456,5228395776.0,2.04,1.28,1.41,0.78
谷歌-A,GOOGL,2022-07-18,112.04,108.43,113.08,107.77,43164588,4785942528.0,4.78,-2.47,-2.748,0.72
谷歌-A,GOOGL,2022-07-19,110.25,113.21,113.42,108.96,36530945,4107210416.0,4.11,4.41,4.78,0.61
谷歌-A,GOOGL,2022-07-20,112.57,113.3,114.8,111.88,35600426,4057923248.0,2.58,0.08,0.09,0.59
谷歌-A,GOOGL,2022-07-21,113.68,113.74,113.95,110.513,32676166,3705958096.0,3.03,0.39,0.44,0.54
谷歌-A,GOOGL,2022-07-22,110.4,107.3,111.74,105.9,48901184,5322941184.0,5.13,-5.66,-6.44,0.82
谷歌-A,GOOGL,2022-07-25,107.81,106.91,109.27,105.7,34690894,3733024720.0,3.33,-0.36,-0.39,0.58
谷歌-A,GOOGL,2022-07-26,106.0,104.42,106.6,103.47,47990963,5051886336.0,2.93,-2.33,-2.49,0.8
谷歌-A,GOOGL,2022-07-27,108.66,112.46,113.31,107.41,59858495,6693647360.0,5.65,7.7,8.04,1.0
谷歌-A,GOOGL,2022-07-28,111.77,113.62,113.74,110.86,32816568,3716349104.0,2.56,1.03,1.16,0.55
谷歌-A,GOOGL,2022-07-29,112.48,115.72,116.105,112.46,37223391,4295677696.0,3.21,1.85,2.1,0.62
谷歌-A,GOOGL,2022-08-01,114.7,114.26,116.12,113.74,26034288,3004154640.0,2.06,-1.26,-1.46,0.43
谷歌-A,GOOGL,2022-08-02,113.4,114.53,115.75,113.12,20236029,2328310080.0,2.3,0.24,0.27,0.34
谷歌-A,GOOGL,2022-08-03,115.11,117.48,118.02,114.88,28499014,3358956784.0,2.74,2.58,2.95,0.48
谷歌-A,GOOGL,2022-08-04,116.88,117.59,118.18,116.29,21602925,2546738032.0,1.61,0.09,0.11,0.36
谷歌-A,GOOGL,2022-08-05,115.63,116.87,117.506,115.4,19159520,2250668816.0,1.79,-0.61,-0.72,0.32
谷歌-A,GOOGL,2022-08-08,117.79,116.7,119.55,116.28,19169479,2266145248.0,2.8,-0.15,-0.17,0.32
谷歌-A,GOOGL,2022-08-09,116.535,116.03,116.72,115.11,19086465,2225171600.0,1.38,-0.57,-0.67,0.32
谷歌-A,GOOGL,2022-08-10,118.18,119.1,120.32,117.81,30930350,3701893984.0,2.16,2.65,3.07,0.52
谷歌-A,GOOGL,2022-08-11,120.68,118.24,120.89,117.96,24293654,2908921664.0,2.46,-0.72,-0.86,0.41
谷歌-A,GOOGL,2022-08-12,119.66,121.08,121.08,118.86,19096268,2307423760.0,1.88,2.4,2.84,0.32
谷歌-A,GOOGL,2022-08-15,120.53,121.48,121.7,120.01,19494825,2372583024.0,1.4,0.33,0.4,0.33
谷歌-A,GOOGL,2022-08-16,120.92,121.1,121.83,120.04,19041230,2315653200.0,1.47,-0.31,-0.38,0.32
谷歌-A,GOOGL,2022-08-17,119.52,118.95,120.69,118.78,22846958,2742053504.0,1.58,-1.78,-2.15,0.38
谷歌-A,GOOGL,2022-08-18,118.83,119.57,120.22,118.12,17987660,2159608752.0,1.77,0.52,0.62,0.3
谷歌-A,GOOGL,2022-08-19,118.46,116.61,118.55,116.16,21809528,2566762912.0,2.0,-2.48,-2.96,0.36
谷歌-A,GOOGL,2022-08-22,114.6,113.64,115.03,113.25,21456648,2456458912.0,1.53,-2.55,-2.97,0.36
谷歌-A,GOOGL,2022-08-23,112.875,113.26,114.41,112.83,15870373,1811288528.0,1.39,-0.33,-0.38,0.26
谷歌-A,GOOGL,2022-08-24,112.9,113.09,114.18,112.27,17734624,2019914816.0,1.69,-0.15,-0.17,0.3
谷歌-A,GOOGL,2022-08-25,113.635,116.05,116.12,113.51,16956794,1962523600.0,2.31,2.62,2.96,0.28
谷歌-A,GOOGL,2022-08-26,114.12,109.74,114.52,109.59,37245697,4166124912.0,4.25,-5.44,-6.31,0.62
谷歌-A,GOOGL,2022-08-29,109.39,108.82,110.35,108.2,21191157,2327249760.0,1.96,-0.84,-0.92,0.35
谷歌-A,GOOGL,2022-08-30,109.57,108.34,109.9,107.2,27513255,2994940448.0,2.48,-0.44,-0.48,0.46
谷歌-A,GOOGL,2022-08-31,110.05,107.62,110.25,107.53,28626972,3123042256.0,2.51,-0.66,-0.72,0.48
谷歌-A,GOOGL,2022-09-01,107.68,109.14,109.845,106.76,28360926,3086076560.0,2.87,1.41,1.52,0.47
谷歌-A,GOOGL,2022-09-02,109.99,107.25,110.14,106.66,24160711,2630903584.0,3.19,-1.73,-1.89,0.4
谷歌-A,GOOGL,2022-09-06,106.7,106.21,107.43,105.18,25068280,2677902096.0,2.1,-0.97,-1.04,0.42
谷歌-A,GOOGL,2022-09-07,106.46,108.85,109.38,106.3,23166967,2517758320.0,2.9,2.49,2.64,0.39
谷歌-A,GOOGL,2022-09-08,107.44,107.78,109.0,106.56,24238293,2626052080.0,2.24,-0.98,-1.07,0.4
谷歌-A,GOOGL,2022-09-09,108.465,110.05,110.39,108.42,23213585,2561883904.0,1.83,2.11,2.27,0.39
谷歌-A,GOOGL,2022-09-12,110.39,110.26,111.02,109.33,22966752,2543691440.0,1.54,0.19,0.21,0.38
谷歌-A,GOOGL,2022-09-13,107.2,103.72,107.7,103.49,38172871,4022304016.0,3.82,-5.93,-6.54,0.64
谷歌-A,GOOGL,2022-09-14,103.97,104.4,104.675,103.06,26395134,2759931536.0,1.56,0.66,0.68,0.44
谷歌-A,GOOGL,2022-09-15,103.43,102.31,104.67,101.75,34188284,3533549856.0,2.8,-2.0,-2.09,0.57
谷歌-A,GOOGL,2022-09-16,101.47,102.2,102.53,100.34,42797172,4377616896.0,2.14,-0.11,-0.11,0.71
谷歌-A,GOOGL,2022-09-19,101.15,102.47,102.73,100.95,23036811,2359418176.0,1.74,0.26,0.27,0.38
谷歌-A,GOOGL,2022-09-20,101.48,100.54,101.77,99.92,26517123,2690220560.0,1.81,-1.88,-1.93,0.44
谷歌-A,GOOGL,2022-09-21,101.07,98.68,102.28,98.67,31487265,3174495568.0,3.59,-1.85,-1.86,0.53
谷歌-A,GOOGL,2022-09-22,98.22,99.54,100.64,98.19,34298619,3435051472.0,2.48,0.87,0.86,0.57
谷歌-A,GOOGL,2022-09-23,99.03,98.14,99.06,96.87,31625437,3116215296.0,2.2,-1.41,-1.4,0.53
谷歌-A,GOOGL,2022-09-26,97.5,97.57,99.28,97.2,27072662,2669091296.0,2.12,-0.58,-0.57,0.45
谷歌-A,GOOGL,2022-09-27,98.83,96.9,99.4,96.272,30072781,2946976080.0,3.21,-0.69,-0.67,0.5
谷歌-A,GOOGL,2022-09-28,97.05,99.45,100.1,96.51,32466323,3221393728.0,3.7,2.63,2.55,0.54
谷歌-A,GOOGL,2022-09-29,98.04,96.82,98.04,95.36,31047224,3009457568.0,2.69,-2.64,-2.63,0.52
谷歌-A,GOOGL,2022-09-30,96.45,95.05,98.3,94.96,32941493,3185845248.0,3.45,-1.83,-1.77,0.55
谷歌-A,GOOGL,2022-10-03,96.16,98.04,98.687,95.921,27982031,2748757488.0,2.91,3.15,2.99,0.47
谷歌-A,GOOGL,2022-10-04,99.84,101.04,101.24,99.78,28850773,2924219456.0,1.49,3.06,3.0,0.48
谷歌-A,GOOGL,2022-10-05,99.225,100.83,101.33,98.2,22176903,2226964448.0,3.1,-0.21,-0.21,0.37
谷歌-A,GOOGL,2022-10-06,100.08,100.82,102.325,99.99,22323989,2271871856.0,2.32,-0.01,-0.01,0.37
谷歌-A,GOOGL,2022-10-07,99.25,98.08,99.93,97.695,27502765,2723422992.0,2.22,-2.72,-2.74,0.46
谷歌-A,GOOGL,2022-10-10,98.4,97.26,98.495,96.41,18225094,1785451872.0,2.13,-0.84,-0.82,0.3
谷歌-A,GOOGL,2022-10-11,96.83,96.58,98.645,95.71,26507103,2587815664.0,3.02,-0.7,-0.68,0.44
谷歌-A,GOOGL,2022-10-12,96.7,96.96,98.15,96.135,21876362,2138125200.0,2.09,0.39,0.38,0.37
谷歌-A,GOOGL,2022-10-13,94.55,98.46,99.175,93.784,34574549,3376437008.0,5.56,1.55,1.5,0.58
谷歌-A,GOOGL,2022-10-14,99.39,95.96,100.09,95.77,25410674,2475896640.0,4.39,-2.54,-2.5,0.43
谷歌-A,GOOGL,2022-10-17,98.26,99.37,100.33,98.23,28419192,2845423600.0,2.19,3.55,3.41,0.48
谷歌-A,GOOGL,2022-10-18,102.53,100.17,102.87,99.37,24060671,2432030256.0,3.52,0.81,0.8,0.4
谷歌-A,GOOGL,2022-10-19,99.41,99.03,100.418,98.32,23811064,2378138176.0,2.09,-1.14,-1.14,0.4
谷歌-A,GOOGL,2022-10-20,99.4,99.37,101.72,98.79,25323202,2546786128.0,2.96,0.34,0.34,0.42
谷歌-A,GOOGL,2022-10-21,97.245,100.53,100.71,97.12,32458722,3238639504.0,3.61,1.17,1.16,0.54
谷歌-A,GOOGL,2022-10-24,101.2,101.92,102.15,99.38,27176417,2765578832.0,2.76,1.38,1.39,0.45
谷歌-A,GOOGL,2022-10-25,102.3,103.88,104.22,102.12,40611375,4222069888.0,2.06,1.92,1.96,0.68
谷歌-A,GOOGL,2022-10-26,95.83,94.33,97.71,94.09,88279042,8497337344.0,3.48,-9.19,-9.55,1.48
谷歌-A,GOOGL,2022-10-27,93.92,91.62,94.83,91.2,60710859,5645055488.0,3.85,-2.87,-2.71,1.02
谷歌-A,GOOGL,2022-10-28,91.67,95.69,95.95,91.53,43697286,4143823184.0,4.82,4.44,4.07,0.73
谷歌-A,GOOGL,2022-10-31,94.82,93.91,95.43,93.38,31675036,2997109104.0,2.14,-1.86,-1.78,0.53
谷歌-A,GOOGL,2022-11-01,94.85,89.87,95.43,89.77,47161351,4332405504.0,6.03,-4.3,-4.04,0.79
谷歌-A,GOOGL,2022-11-02,90.34,86.37,90.58,86.28,57038282,5083420928.0,4.78,-3.89,-3.5,0.95
谷歌-A,GOOGL,2022-11-03,85.72,82.83,85.92,82.74,61288019,5192751360.0,3.68,-4.1,-3.54,1.03
谷歌-A,GOOGL,2022-11-04,84.8,85.98,86.04,83.11,51124904,4371711744.0,3.54,3.8,3.15,0.86
谷歌-A,GOOGL,2022-11-07,86.68,87.89,88.3,86.25,34078912,2999410992.0,2.38,2.22,1.91,0.57
谷歌-A,GOOGL,2022-11-08,88.3,88.3,89.72,86.99,30429025,2709057840.0,3.11,0.47,0.41,0.51
谷歌-A,GOOGL,2022-11-09,87.85,86.72,88.835,86.68,31769099,2798783488.0,2.44,-1.79,-1.58,0.53
谷歌-A,GOOGL,2022-11-10,91.65,93.34,93.79,91.01,51620136,4826527488.0,3.21,7.63,6.62,0.86
谷歌-A,GOOGL,2022-11-11,94.09,95.81,96.33,93.32,33090482,3177159776.0,3.22,2.65,2.47,0.55
谷歌-A,GOOGL,2022-11-14,94.49,95.1,96.19,93.91,30179539,2887616768.0,2.38,-0.74,-0.71,0.51
谷歌-A,GOOGL,2022-11-15,97.66,97.84,99.54,96.11,41640816,4101166256.0,3.61,2.88,2.74,0.7
谷歌-A,GOOGL,2022-11-16,97.3,98.25,99.038,97.04,29105154,2874785648.0,2.04,0.42,0.41,0.49
谷歌-A,GOOGL,2022-11-17,96.37,97.76,98.68,96.19,26052599,2553140176.0,2.53,-0.5,-0.49,0.44
谷歌-A,GOOGL,2022-11-18,98.17,96.83,98.3,95.77,28342297,2763671648.0,2.59,-0.95,-0.93,0.47
谷歌-A,GOOGL,2022-11-21,96.69,95.0,97.8,94.755,21647387,2083625952.0,3.14,-1.89,-1.83,0.36
谷歌-A,GOOGL,2022-11-22,95.35,96.45,96.62,93.45,23438480,2253398592.0,3.34,1.53,1.45,0.39
谷歌-A,GOOGL,2022-11-23,96.49,97.86,98.16,96.49,18868092,1850510800.0,1.73,1.46,1.41,0.32
谷歌-A,GOOGL,2022-11-25,97.64,96.86,98.04,96.8,9701441,948403888.0,1.27,-1.02,-1.0,0.16
谷歌-A,GOOGL,2022-11-28,96.436,95.45,96.98,95.01,26252433,2525787568.0,2.03,-1.46,-1.41,0.44
谷歌-A,GOOGL,2022-11-29,95.13,94.59,95.52,93.51,20061720,1909576976.0,2.11,-0.9,-0.86,0.34
谷歌-A,GOOGL,2022-11-30,94.22,100.39,100.44,93.82,43647481,4322037760.0,7.0,6.13,5.8,0.73
谷歌-A,GOOGL,2022-12-01,100.42,100.39,101.65,99.65,28687096,2900618704.0,1.99,0.0,0.0,0.48
谷歌-A,GOOGL,2022-12-02,98.45,99.84,100.17,98.3,21480703,2147049760.0,1.86,-0.55,-0.55,0.36
谷歌-A,GOOGL,2022-12-05,98.8,98.88,100.78,98.4,24405087,2441319120.0,2.38,-0.96,-0.96,0.41
谷歌-A,GOOGL,2022-12-06,98.7,96.38,99.18,95.82,24910655,2425485248.0,3.4,-2.53,-2.5,0.42
谷歌-A,GOOGL,2022-12-07,95.81,94.34,96.281,94.115,31045449,2959659920.0,2.25,-2.12,-2.04,0.52
谷歌-A,GOOGL,2022-12-08,94.78,93.11,94.98,92.85,32213288,3030802736.0,2.26,-1.3,-1.23,0.54
谷歌-A,GOOGL,2022-12-09,93.17,92.23,93.66,92.15,28225448,2638512704.0,1.62,-0.95,-0.88,0.47
谷歌-A,GOOGL,2022-12-12,92.11,92.71,92.96,91.01,29009013,2687406592.0,2.11,0.52,0.48,0.49
谷歌-A,GOOGL,2022-12-13,97.16,95.03,98.93,94.43,40593656,3932262992.0,4.85,2.5,2.32,0.68
谷歌-A,GOOGL,2022-12-14,94.6,94.47,96.27,93.0,28733599,2742023760.0,3.44,-0.59,-0.56,0.48
谷歌-A,GOOGL,2022-12-15,92.53,90.26,93.04,89.41,40107033,3653727360.0,3.84,-4.46,-4.21,0.67
谷歌-A,GOOGL,2022-12-16,90.16,89.66,90.73,88.92,58011847,5239544832.0,2.01,-0.66,-0.6,0.97
谷歌-A,GOOGL,2022-12-19,89.655,87.84,89.96,87.61,29493030,2626807952.0,2.62,-2.03,-1.82,0.49
谷歌-A,GOOGL,2022-12-20,87.51,88.42,88.575,86.84,23453836,2078082464.0,1.98,0.66,0.58,0.39
谷歌-A,GOOGL,2022-12-21,88.48,88.98,89.62,87.72,24745637,2215515824.0,2.15,0.63,0.56,0.41
谷歌-A,GOOGL,2022-12-22,87.56,87.16,87.94,85.72,27658293,2416559904.0,2.49,-2.05,-1.82,0.46
谷歌-A,GOOGL,2022-12-23,86.51,88.63,88.945,86.47,23003035,2044368064.0,2.84,1.69,1.47,0.39
谷歌-A,GOOGL,2022-12-27,88.195,86.79,88.34,86.41,20097346,1761462736.0,2.18,-2.08,-1.84,0.34
谷歌-A,GOOGL,2022-12-28,86.38,85.42,87.44,85.34,19523176,1688777936.0,2.42,-1.58,-1.37,0.33
谷歌-A,GOOGL,2022-12-29,86.02,87.85,88.245,86.01,23333537,2059336160.0,2.62,2.84,2.43,0.39
谷歌-A,GOOGL,2022-12-30,86.38,87.63,87.7,85.97,23986297,2099722416.0,1.97,-0.25,-0.22,0.4
谷歌-A,GOOGL,2023-01-03,88.985,88.52,90.45,87.92,28131224,2512677776.0,2.89,1.02,0.89,0.47
谷歌-A,GOOGL,2023-01-04,89.75,87.48,90.05,86.671,34854776,3074915376.0,3.82,-1.17,-1.04,0.58
谷歌-A,GOOGL,2023-01-05,86.87,85.6,86.97,85.3,27194375,2353617584.0,1.91,-2.15,-1.88,0.46
谷歌-A,GOOGL,2023-01-06,86.19,86.74,87.09,84.26,41381495,3578089296.0,3.31,1.33,1.14,0.69
谷歌-A,GOOGL,2023-01-09,87.76,87.42,89.45,87.26,29003901,2580357536.0,2.52,0.78,0.68,0.49
谷歌-A,GOOGL,2023-01-10,85.38,87.82,88.07,85.23,30467755,2674820864.0,3.25,0.46,0.4,0.51
谷歌-A,GOOGL,2023-01-11,88.58,90.92,91.0,88.41,26861969,2435821680.0,2.95,3.53,3.1,0.45
谷歌-A,GOOGL,2023-01-12,90.88,90.53,91.27,89.15,30258135,2757828576.0,2.33,-0.43,-0.39,0.51
谷歌-A,GOOGL,2023-01-13,90.25,91.52,91.59,89.53,26329212,2406192608.0,2.28,1.09,0.99,0.44
谷歌-A,GOOGL,2023-01-17,91.46,90.69,91.65,89.45,32602423,2973429024.0,2.4,-0.91,-0.83,0.55
谷歌-A,GOOGL,2023-01-18,91.54,90.52,92.2,90.04,29116691,2663628704.0,2.38,-0.19,-0.17,0.49
谷歌-A,GOOGL,2023-01-19,90.12,92.45,93.005,90.03,37000395,3427463888.0,3.29,2.13,1.93,0.62
谷歌-A,GOOGL,2023-01-20,94.5,97.42,97.7,94.42,63191078,6135916544.0,3.55,5.38,4.97,1.06
谷歌-A,GOOGL,2023-01-23,97.35,99.19,99.44,96.9,40005055,3973347296.0,2.61,1.82,1.77,0.67
谷歌-A,GOOGL,2023-01-24,97.5,97.1,99.01,96.6,33078512,3231770624.0,2.43,-2.11,-2.09,0.55
谷歌-A,GOOGL,2023-01-25,94.97,94.62,95.562,93.16,42329952,4010183184.0,2.47,-2.55,-2.48,0.71
谷歌-A,GOOGL,2023-01-26,95.9,96.92,96.97,94.78,30113974,2916281936.0,2.31,2.43,2.3,0.51
谷歌-A,GOOGL,2023-01-27,96.71,98.77,99.72,96.71,33879753,3363406672.0,3.11,1.91,1.85,0.57
谷歌-A,GOOGL,2023-01-30,96.88,96.34,97.69,95.795,27226198,2646844000.0,1.92,-2.46,-2.43,0.46
谷歌-A,GOOGL,2023-01-31,96.27,98.24,98.28,96.22,29870669,2931284944.0,2.14,1.97,1.9,0.5
谷歌-A,GOOGL,2023-02-01,98.11,99.83,100.59,96.98,35531104,3525015344.0,3.67,1.62,1.59,0.6
谷歌-A,GOOGL,2023-02-02,105.2,107.14,107.25,105.01,69883762,7468082176.0,2.24,7.32,7.31,1.17
谷歌-A,GOOGL,2023-02-03,102.33,104.18,107.21,101.98,65309261,6879347456.0,4.88,-2.76,-2.96,1.1
谷歌-A,GOOGL,2023-02-06,101.8,102.3,103.76,101.28,31999562,3296013024.0,2.38,-1.8,-1.88,0.54
谷歌-A,GOOGL,2023-02-07,102.62,107.04,107.58,102.52,49010230,5178963200.0,4.95,4.63,4.74,0.82
谷歌-A,GOOGL,2023-02-08,101.45,98.77,102.54,97.435,94743515,9453510400.0,4.77,-7.73,-8.27,1.59
谷歌-A,GOOGL,2023-02-09,99.4,94.41,99.43,93.03,119455020,11369849344.0,6.48,-4.41,-4.36,2.01
谷歌-A,GOOGL,2023-02-10,94.85,93.97,96.15,93.65,54980696,5225310976.0,2.65,-0.47,-0.44,0.92
谷歌-A,GOOGL,2023-02-13,94.14,94.01,94.6,93.24,50076120,4731609600.0,1.45,0.04,0.04,0.84
谷歌-A,GOOGL,2023-02-14,93.83,94.08,94.245,91.66,54726120,5130879488.0,2.75,0.07,0.07,0.92
谷歌-A,GOOGL,2023-02-15,93.89,96.34,96.52,93.55,50298481,4830429440.0,3.16,2.4,2.26,0.84
谷歌-A,GOOGL,2023-02-16,94.77,94.91,97.08,94.14,42462618,4091126272.0,3.05,-1.48,-1.43,0.71
谷歌-A,GOOGL,2023-02-17,94.25,93.75,94.96,92.61,34284118,3225638688.0,2.48,-1.22,-1.16,0.58
谷歌-A,GOOGL,2023-02-21,92.4,91.19,92.5,91.12,33629256,3100479040.0,1.47,-2.73,-2.56,0.56
谷歌-A,GOOGL,2023-02-22,91.1,91.05,91.51,90.01,30884017,2829460352.0,1.64,-0.15,-0.14,0.52
谷歌-A,GOOGL,2023-02-23,91.32,90.29,91.34,89.16,41206380,3736969328.0,2.39,-0.83,-0.76,0.69
谷歌-A,GOOGL,2023-02-24,88.84,88.53,89.29,87.975,36585093,3258612064.0,1.46,-1.95,-1.76,0.61
谷歌-A,GOOGL,2023-02-27,89.27,89.27,89.56,88.735,27502302,2468641712.0,0.93,0.84,0.74,0.46
谷歌-A,GOOGL,2023-02-28,88.73,89.46,90.63,88.72,30142039,2723787664.0,2.14,0.21,0.19,0.51
谷歌-A,GOOGL,2023-03-01,89.38,89.76,90.43,89.07,31111225,2810768176.0,1.52,0.34,0.3,0.52
谷歌-A,GOOGL,2023-03-02,89.06,91.4,91.675,88.99,32226229,2933278544.0,2.99,1.83,1.64,0.54
谷歌-A,GOOGL,2023-03-03,91.88,93.05,93.13,91.85,35160105,3282770672.0,1.4,1.81,1.65,0.59
谷歌-A,GOOGL,2023-03-06,93.415,94.53,95.37,93.4,32639313,3107401520.0,2.12,1.59,1.48,0.55
谷歌-A,GOOGL,2023-03-07,94.38,93.26,95.07,92.93,27835476,2625349008.0,2.26,-1.34,-1.27,0.47
谷歌-A,GOOGL,2023-03-08,93.52,93.65,95.355,93.4,34103265,3232322320.0,2.1,0.42,0.39,0.57
谷歌-A,GOOGL,2023-03-09,93.45,91.72,94.93,91.3,28813532,2698399680.0,3.88,-2.06,-1.93,0.48
谷歌-A,GOOGL,2023-03-10,91.57,90.03,92.19,89.795,35941046,3281701952.0,2.61,-1.84,-1.69,0.6
谷歌-A,GOOGL,2023-03-13,89.49,90.51,91.97,88.82,37335573,3416925120.0,3.5,0.53,0.48,0.63
谷歌-A,GOOGL,2023-03-14,91.96,93.37,93.76,91.84,36050214,3374160672.0,2.12,3.16,2.86,0.61
谷歌-A,GOOGL,2023-03-15,92.62,95.51,96.33,92.04,50622050,4825289216.0,4.59,2.29,2.14,0.85
谷歌-A,GOOGL,2023-03-16,95.6,99.72,100.59,94.9,65567656,6530452480.0,5.96,4.41,4.21,1.1
谷歌-A,GOOGL,2023-03-17,99.66,101.02,102.235,99.5,61028547,6189354752.0,2.74,1.3,1.3,1.02
谷歌-A,GOOGL,2023-03-20,99.52,100.62,101.15,99.27,32960440,3327642224.0,1.86,-0.4,-0.4,0.55
谷歌-A,GOOGL,2023-03-21,100.65,104.32,104.5,100.62,42110279,4373608448.0,3.86,3.68,3.7,0.71
谷歌-A,GOOGL,2023-03-22,103.67,102.77,105.99,102.73,43427419,4558565632.0,3.13,-1.49,-1.55,0.73
谷歌-A,GOOGL,2023-03-23,104.46,105.0,105.7,103.86,40797769,4309110784.0,1.79,2.17,2.23,0.68
谷歌-A,GOOGL,2023-03-24,104.39,104.84,104.89,103.24,30411043,3191337728.0,1.57,-0.15,-0.16,0.51
谷歌-A,GOOGL,2023-03-27,104.015,101.86,104.16,101.327,31120864,3208605072.0,2.7,-2.84,-2.98,0.52
谷歌-A,GOOGL,2023-03-28,101.84,100.43,101.85,99.14,32057865,3224490864.0,2.66,-1.4,-1.43,0.54
谷歌-A,GOOGL,2023-03-29,101.68,100.79,101.89,100.05,28779572,2918220288.0,1.83,0.36,0.36,0.48
谷歌-A,GOOGL,2023-03-30,100.31,100.29,100.555,99.18,33086183,3326465840.0,1.36,-0.5,-0.5,0.56
谷歌-A,GOOGL,2023-03-31,100.7,103.13,103.29,100.44,36863369,3796216272.0,2.84,2.83,2.84,0.62
谷歌-A,GOOGL,2023-04-03,101.79,103.76,103.93,101.33,25035399,2591710784.0,2.52,0.61,0.63,0.42
谷歌-A,GOOGL,2023-04-04,103.73,104.12,104.98,103.44,24420079,2558721040.0,1.48,0.35,0.36,0.41
谷歌-A,GOOGL,2023-04-05,105.18,103.87,105.5,103.06,28290503,2954444672.0,2.34,-0.24,-0.25,0.48
谷歌-A,GOOGL,2023-04-06,104.66,107.82,108.57,103.73,48711480,5230172928.0,4.66,3.8,3.95,0.82
谷歌-A,GOOGL,2023-04-10,106.38,105.84,106.99,104.52,27067355,2875568256.0,2.29,-1.84,-1.98,0.46
谷歌-A,GOOGL,2023-04-11,105.95,104.75,106.13,104.08,26311803,2775924416.0,1.94,-1.03,-1.09,0.44
谷歌-A,GOOGL,2023-04-12,105.98,104.04,106.15,103.74,24370274,2561970064.0,2.3,-0.68,-0.71,0.41
谷歌-A,GOOGL,2023-04-13,105.24,106.83,106.89,105.24,24843579,2657269568.0,1.59,2.68,2.79,0.42
谷歌-A,GOOGL,2023-04-14,106.29,108.27,108.34,106.24,26578002,2874074784.0,1.97,1.35,1.44,0.45
谷歌-A,GOOGL,2023-04-17,104.058,105.37,105.56,103.92,37571218,3960181120.0,1.51,-2.68,-2.9,0.63
谷歌-A,GOOGL,2023-04-18,105.89,103.9,105.94,103.47,26596445,2793132544.0,2.34,-1.4,-1.47,0.45
谷歌-A,GOOGL,2023-04-19,102.98,103.58,104.38,102.47,20905684,2176984256.0,1.84,-0.31,-0.32,0.35
谷歌-A,GOOGL,2023-04-20,103.31,104.69,105.65,103.268,27820794,2925464304.0,2.3,1.07,1.11,0.47
谷歌-A,GOOGL,2023-04-21,104.87,104.81,105.4,104.18,25800082,2717868784.0,1.17,0.11,0.12,0.43
谷歌-A,GOOGL,2023-04-24,104.89,105.37,106.03,104.1,23542829,2492923200.0,1.84,0.53,0.56,0.4
谷歌-A,GOOGL,2023-04-25,105.225,103.25,106.09,103.24,46664104,4898712832.0,2.7,-2.01,-2.12,0.79
谷歌-A,GOOGL,2023-04-26,104.32,103.11,105.75,102.03,53347560,5566239232.0,3.6,-0.14,-0.14,0.9
谷歌-A,GOOGL,2023-04-27,103.85,106.99,107.77,102.94,50089187,5364846080.0,4.68,3.76,3.88,0.84
谷歌-A,GOOGL,2023-04-28,106.44,106.74,106.75,104.49,36139847,3853395808.0,2.11,-0.23,-0.25,0.61
谷歌-A,GOOGL,2023-05-01,106.24,106.6,107.39,106.22,26681680,2863608736.0,1.1,-0.13,-0.14,0.45
谷歌-A,GOOGL,2023-05-02,106.54,104.72,106.6,103.11,30997245,3262072576.0,3.27,-1.76,-1.88,0.52
谷歌-A,GOOGL,2023-05-03,104.93,104.81,106.89,104.36,21795405,2308715760.0,2.42,0.09,0.09,0.37
谷歌-A,GOOGL,2023-05-04,104.885,104.09,105.0,103.37,23419506,2454653376.0,1.56,-0.69,-0.72,0.39
谷歌-A,GOOGL,2023-05-05,104.22,104.97,105.28,103.51,26639254,2800344608.0,1.7,0.85,0.88,0.45
谷歌-A,GOOGL,2023-05-08,104.58,107.17,107.36,104.56,26511445,2839895200.0,2.67,2.1,2.2,0.45
谷歌-A,GOOGL,2023-05-09,107.79,106.75,109.55,106.59,36360141,3944678704.0,2.76,-0.39,-0.42,0.61
谷歌-A,GOOGL,2023-05-10,107.37,111.15,112.34,107.33,63153367,6991255040.0,4.69,4.12,4.4,1.06
谷歌-A,GOOGL,2023-05-11,114.795,115.97,117.32,113.81,78900029,9215105280.0,3.16,4.34,4.82,1.33
谷歌-A,GOOGL,2023-05-12,116.08,116.91,117.43,115.51,41102330,4811485440.0,1.66,0.81,0.94,0.69
谷歌-A,GOOGL,2023-05-15,115.51,115.91,117.88,115.41,36266765,4244446592.0,2.11,-0.86,-1.0,0.61
谷歌-A,GOOGL,2023-05-16,115.89,118.91,120.15,115.83,45035558,5374957056.0,3.73,2.59,3.0,0.76
谷歌-A,GOOGL,2023-05-17,119.01,120.24,121.07,118.29,33323588,4009524960.0,2.34,1.12,1.33,0.56
谷歌-A,GOOGL,2023-05-18,120.35,122.23,122.71,120.23,35234233,4310816512.0,2.06,1.66,1.99,0.59
谷歌-A,GOOGL,2023-05-19,122.95,122.16,125.37,121.55,41353445,5101865472.0,3.13,-0.06,-0.07,0.7
谷歌-A,GOOGL,2023-05-22,122.34,124.45,125.83,122.14,35253034,4415145984.0,3.02,1.87,2.29,0.59
谷歌-A,GOOGL,2023-05-23,123.56,121.96,124.025,121.61,34046251,4198710224.0,1.94,-2.0,-2.49,0.57
谷歌-A,GOOGL,2023-05-24,120.52,120.3,121.31,119.26,34182635,4129153120.0,1.68,-1.36,-1.66,0.58
谷歌-A,GOOGL,2023-05-25,123.92,122.88,124.72,121.36,42316986,5232229632.0,2.79,2.14,2.58,0.71
谷歌-A,GOOGL,2023-05-26,122.57,124.01,124.66,121.85,35635937,4435354880.0,2.29,0.92,1.13,0.6
谷歌-A,GOOGL,2023-05-30,125.04,123.07,125.06,121.4,35076658,4334067968.0,2.95,-0.76,-0.94,0.59
谷歌-A,GOOGL,2023-05-31,122.15,122.27,123.46,121.9,37325787,4593087232.0,1.27,-0.65,-0.8,0.63
谷歌-A,GOOGL,2023-06-01,122.215,123.12,123.82,122.02,30772683,3797041216.0,1.47,0.7,0.85,0.52
谷歌-A,GOOGL,2023-06-02,123.39,124.07,125.55,123.16,26980147,3368431104.0,1.94,0.77,0.95,0.45
谷歌-A,GOOGL,2023-06-05,123.41,125.41,126.83,123.24,32305531,4079598080.0,2.89,1.08,1.34,0.54
谷歌-A,GOOGL,2023-06-06,125.41,126.71,127.69,124.76,26638295,3389485584.0,2.34,1.04,1.3,0.45
谷歌-A,GOOGL,2023-06-07,126.37,121.9,128.44,121.52,52538986,6499431424.0,5.46,-3.8,-4.81,0.88
谷歌-A,GOOGL,2023-06-08,121.625,121.54,122.625,120.64,29389167,3592643664.0,1.63,-0.3,-0.36,0.49
谷歌-A,GOOGL,2023-06-09,121.65,121.63,123.155,121.31,23778319,2917263872.0,1.52,0.07,0.09,0.4
谷歌-A,GOOGL,2023-06-12,122.185,123.04,123.45,121.06,28338743,3484290320.0,1.96,1.16,1.41,0.48
谷歌-A,GOOGL,2023-06-13,124.38,123.23,124.56,122.58,22278313,2762425664.0,1.61,0.15,0.19,0.37
谷歌-A,GOOGL,2023-06-14,122.5,123.07,123.45,120.85,30592297,3768277680.0,2.11,-0.13,-0.16,0.51
谷歌-A,GOOGL,2023-06-15,122.54,124.49,124.86,121.8,35246268,4382893312.0,2.49,1.15,1.42,0.59
谷歌-A,GOOGL,2023-06-16,125.33,122.93,125.508,122.68,45535553,5662075648.0,2.27,-1.25,-1.56,0.77
谷歌-A,GOOGL,2023-06-20,122.33,122.5,123.97,121.54,26097492,3212958592.0,1.98,-0.35,-0.43,0.44
谷歌-A,GOOGL,2023-06-21,121.8,119.95,122.06,119.5,30306336,3662955152.0,2.09,-2.08,-2.55,0.51
谷歌-A,GOOGL,2023-06-22,119.4,122.55,122.64,118.23,26952246,3273999632.0,3.68,2.17,2.6,0.45
谷歌-A,GOOGL,2023-06-23,120.78,121.74,122.188,120.46,34913637,4265644256.0,1.41,-0.66,-0.81,0.59
谷歌-A,GOOGL,2023-06-26,120.16,117.74,121.4,117.665,33969897,4060159440.0,3.07,-3.29,-4.0,0.57
谷歌-A,GOOGL,2023-06-27,116.48,117.73,118.48,115.5,39535936,4657820928.0,2.53,-0.01,-0.01,0.67
谷歌-A,GOOGL,2023-06-28,116.49,119.58,119.79,116.25,27091449,3234883088.0,3.01,1.57,1.85,0.46
谷歌-A,GOOGL,2023-06-29,118.64,118.5,119.46,117.695,24090902,2867890288.0,1.48,-0.9,-1.08,0.41
谷歌-A,GOOGL,2023-06-30,119.57,119.1,120.48,119.09,29532241,3549839296.0,1.17,0.51,0.6,0.5
谷歌-A,GOOGL,2023-07-03,118.64,119.3,119.59,118.218,14467850,1734695216.0,1.15,0.17,0.2,0.24
谷歌-A,GOOGL,2023-07-05,118.64,121.15,122.01,118.63,27584809,3356373168.0,2.83,1.55,1.85,0.46
谷歌-A,GOOGL,2023-07-06,119.195,119.51,119.7,117.8,24778801,2963330144.0,1.57,-1.35,-1.64,0.42
谷歌-A,GOOGL,2023-07-07,119.5,118.88,120.45,118.8,21709549,2607358176.0,1.38,-0.53,-0.63,0.37
谷歌-A,GOOGL,2023-07-10,117.7,115.85,117.705,115.535,35315235,4125880544.0,1.83,-2.55,-3.03,0.6
谷歌-A,GOOGL,2023-07-11,115.69,116.54,117.11,114.75,23078782,2697805120.0,2.04,0.6,0.69,0.39
谷歌-A,GOOGL,2023-07-12,118.2,118.33,119.73,117.815,30404409,3623836304.0,1.64,1.54,1.79,0.51
谷歌-A,GOOGL,2023-07-13,120.33,123.94,124.23,119.85,44297915,5481976064.0,3.7,4.74,5.61,0.75
谷歌-A,GOOGL,2023-07-14,124.2,124.82,126.175,122.89,33283076,4175576784.0,2.65,0.71,0.88,0.56
谷歌-A,GOOGL,2023-07-17,125.34,124.05,126.5,123.595,25716215,3215530464.0,2.33,-0.62,-0.77,0.43
谷歌-A,GOOGL,2023-07-18,124.0,123.16,124.08,122.36,26226447,3242596976.0,1.39,-0.72,-0.89,0.44
谷歌-A,GOOGL,2023-07-19,124.0,121.43,124.58,121.2,37224033,4576112896.0,2.74,-1.4,-1.73,0.63
谷歌-A,GOOGL,2023-07-20,120.82,118.6,123.49,117.62,37906763,4560848640.0,4.83,-2.33,-2.83,0.64
谷歌-A,GOOGL,2023-07-21,120.02,119.42,120.39,118.13,71606474,8588616704.0,1.91,0.69,0.82,1.21
谷歌-A,GOOGL,2023-07-24,121.06,120.93,122.4,120.38,29723667,3620081168.0,1.69,1.26,1.51,0.5
谷歌-A,GOOGL,2023-07-25,120.76,121.61,122.545,120.42,52509551,6409379584.0,1.76,0.56,0.68,0.89
谷歌-A,GOOGL,2023-07-26,129.47,128.67,130.38,127.72,61682093,7998521088.0,2.19,5.81,7.06,1.04
谷歌-A,GOOGL,2023-07-27,131.07,128.8,132.64,128.19,44952074,5897680640.0,3.46,0.1,0.13,0.76
谷歌-A,GOOGL,2023-07-28,130.18,131.98,133.14,129.97,36591158,4854861824.0,2.46,2.47,3.18,0.62
谷歌-A,GOOGL,2023-07-31,132.13,132.12,132.925,131.175,28055531,3718919232.0,1.33,0.11,0.14,0.47
谷歌-A,GOOGL,2023-08-01,130.175,130.95,132.03,130.08,23276440,3066799744.0,1.48,-0.89,-1.17,0.39
谷歌-A,GOOGL,2023-08-02,128.85,127.78,129.49,126.96,26273258,3380037632.0,1.93,-2.42,-3.17,0.44
谷歌-A,GOOGL,2023-08-03,127.37,127.85,128.785,126.82,20159528,2591293824.0,1.54,0.05,0.07,0.34
谷歌-A,GOOGL,2023-08-04,128.68,127.51,130.91,127.31,26147158,3381567040.0,2.82,-0.27,-0.34,0.44
谷歌-A,GOOGL,2023-08-07,128.56,130.93,131.01,128.42,22746290,2974286688.0,2.03,2.68,3.42,0.38
谷歌-A,GOOGL,2023-08-08,130.02,130.8,130.91,128.945,23535181,3080723088.0,1.5,-0.1,-0.13,0.4
谷歌-A,GOOGL,2023-08-09,131.06,129.06,131.44,128.4,24912918,3246894144.0,2.32,-1.33,-1.74,0.42
谷歌-A,GOOGL,2023-08-10,130.72,129.09,131.45,128.85,20857754,2721228096.0,2.01,0.02,0.03,0.35
谷歌-A,GOOGL,2023-08-11,128.06,128.96,129.33,127.57,19591080,2531435888.0,1.36,-0.1,-0.13,0.33
谷歌-A,GOOGL,2023-08-14,128.79,130.73,130.77,128.36,24695608,3230556592.0,1.87,1.37,1.77,0.42
谷歌-A,GOOGL,2023-08-15,130.5,129.18,130.82,128.68,19770732,2573313200.0,1.64,-1.19,-1.55,0.33
谷歌-A,GOOGL,2023-08-16,128.1,128.1,129.681,127.265,25216068,3248275328.0,1.87,-0.84,-1.08,0.43
谷歌-A,GOOGL,2023-08-17,129.2,129.32,131.39,128.69,33446280,4360411136.0,2.11,0.95,1.22,0.56
谷歌-A,GOOGL,2023-08-18,127.91,126.86,128.65,125.782,30504769,3886187520.0,2.22,-1.9,-2.46,0.51
谷歌-A,GOOGL,2023-08-21,126.575,127.77,128.125,125.96,25248729,3232413632.0,1.71,0.72,0.91,0.43
谷歌-A,GOOGL,2023-08-22,127.91,128.48,129.678,127.72,22067520,2851978192.0,1.53,0.56,0.71,0.37
谷歌-A,GOOGL,2023-08-23,129.58,131.77,132.81,129.27,27819713,3684104192.0,2.76,2.56,3.29,0.47
谷歌-A,GOOGL,2023-08-24,133.35,129.18,133.65,128.97,28500694,3733876640.0,3.55,-1.97,-2.59,0.48
谷歌-A,GOOGL,2023-08-25,128.94,129.28,130.16,126.65,26762891,3455257120.0,2.72,0.08,0.1,0.45
谷歌-A,GOOGL,2023-08-28,130.71,130.41,131.94,129.54,20543266,2691595600.0,1.86,0.87,1.13,0.35
谷歌-A,GOOGL,2023-08-29,131.64,133.97,135.97,131.64,43075556,5795130880.0,3.32,2.73,3.56,0.73
谷歌-A,GOOGL,2023-08-30,134.18,135.28,135.675,133.47,28315769,3835011136.0,1.65,0.98,1.31,0.48
谷歌-A,GOOGL,2023-08-31,135.41,135.57,137.4,135.19,30053800,4105110016.0,1.63,0.21,0.29,0.51
谷歌-A,GOOGL,2023-09-01,136.855,135.06,136.855,134.25,21543687,2922725600.0,1.92,-0.38,-0.51,0.36
谷歌-A,GOOGL,2023-09-05,134.84,135.17,135.82,133.98,19403112,2630715168.0,1.36,0.08,0.11,0.33
谷歌-A,GOOGL,2023-09-06,135.42,133.86,135.93,133.065,18684534,2516192512.0,2.12,-0.97,-1.31,0.31
谷歌-A,GOOGL,2023-09-07,132.99,134.66,134.98,132.35,18844342,2539258384.0,1.96,0.6,0.8,0.32
谷歌-A,GOOGL,2023-09-08,134.31,135.78,136.06,134.25,23584188,3209333616.0,1.34,0.83,1.12,0.4
谷歌-A,GOOGL,2023-09-11,135.94,136.32,136.88,135.185,20763350,2838835280.0,1.25,0.4,0.54,0.35
谷歌-A,GOOGL,2023-09-12,135.66,134.74,136.27,134.59,18405505,2499072976.0,1.23,-1.16,-1.58,0.31
谷歌-A,GOOGL,2023-09-13,134.49,136.11,136.3,133.55,20749496,2821061440.0,2.04,1.02,1.37,0.35
谷歌-A,GOOGL,2023-09-14,137.0,137.5,138.095,135.64,24750968,3413884880.0,1.8,1.02,1.39,0.42
谷歌-A,GOOGL,2023-09-15,137.38,136.8,137.92,135.88,38919614,5348821248.0,1.48,-0.51,-0.7,0.66
谷歌-A,GOOGL,2023-09-18,136.01,137.61,138.56,136.01,21861346,3023898880.0,1.86,0.59,0.81,0.37
谷歌-A,GOOGL,2023-09-19,136.82,137.44,137.81,136.02,20353653,2801933424.0,1.3,-0.12,-0.17,0.34
谷歌-A,GOOGL,2023-09-20,137.48,133.14,137.48,133.02,29927475,4049291984.0,3.25,-3.13,-4.3,0.5
谷歌-A,GOOGL,2023-09-21,130.84,129.84,131.63,129.47,31503910,4125140272.0,1.62,-2.48,-3.3,0.53
谷歌-A,GOOGL,2023-09-22,130.16,129.65,131.425,129.0,26397337,3452926960.0,1.87,-0.15,-0.19,0.44
谷歌-A,GOOGL,2023-09-25,129.23,130.51,130.57,128.36,20094643,2621611120.0,1.7,0.66,0.86,0.34
谷歌-A,GOOGL,2023-09-26,129.17,127.965,129.765,126.62,25718704,3299922688.0,2.41,-1.95,-2.545,0.43
谷歌-A,GOOGL,2023-09-27,127.97,129.94,130.295,127.97,22746452,2953285504.0,1.82,1.54,1.975,0.38
谷歌-A,GOOGL,2023-09-28,129.24,131.71,132.7,129.19,22513132,2970327968.0,2.7,1.36,1.77,0.38
谷歌-A,GOOGL,2023-09-29,132.68,130.26,133.45,129.76,30859790,4062895424.0,2.8,-1.1,-1.45,0.52
谷歌-A,GOOGL,2023-10-02,130.61,133.57,133.82,130.57,22288038,2972690736.0,2.5,2.54,3.31,0.38
谷歌-A,GOOGL,2023-10-03,133.34,131.83,133.66,131.24,22989401,3050295072.0,1.81,-1.3,-1.74,0.39
谷歌-A,GOOGL,2023-10-04,132.19,134.64,134.97,131.93,26752295,3601604960.0,2.31,2.13,2.81,0.45
谷歌-A,GOOGL,2023-10-05,134.47,134.47,134.89,132.85,19832615,2673647472.0,1.52,-0.13,-0.17,0.33
谷歌-A,GOOGL,2023-10-06,133.41,136.98,137.555,133.41,27597598,3778632992.0,3.08,1.87,2.51,0.47
谷歌-A,GOOGL,2023-10-09,136.34,137.82,138.34,135.01,19278070,2657672032.0,2.43,0.61,0.84,0.33
谷歌-A,GOOGL,2023-10-10,137.9,137.46,139.12,136.73,27786613,3850836784.0,1.73,-0.26,-0.36,0.47
谷歌-A,GOOGL,2023-10-11,137.98,139.95,140.51,137.98,25884303,3630531888.0,1.84,1.81,2.49,0.44
谷歌-A,GOOGL,2023-10-12,140.45,138.37,140.62,137.66,24765537,3460121232.0,2.12,-1.13,-1.58,0.42
谷歌-A,GOOGL,2023-10-13,138.78,136.76,139.4,136.015,23435599,3228907984.0,2.45,-1.16,-1.61,0.4
谷歌-A,GOOGL,2023-10-16,137.57,138.495,139.03,137.39,28501871,3961919328.0,1.2,1.27,1.735,0.48
谷歌-A,GOOGL,2023-10-17,138.03,139.12,139.3,136.58,23515780,3271230160.0,1.96,0.45,0.625,0.4
谷歌-A,GOOGL,2023-10-18,138.845,137.36,140.12,136.78,23374998,3251249888.0,2.4,-1.27,-1.76,0.39
谷歌-A,GOOGL,2023-10-19,137.9,137.15,139.06,136.78,26066011,3607451744.0,1.66,-0.15,-0.21,0.44
谷歌-A,GOOGL,2023-10-20,136.73,135.0,137.27,134.48,26335673,3586014416.0,2.03,-1.57,-2.15,0.45
谷歌-A,GOOGL,2023-10-23,134.44,135.9,137.06,133.35,26317930,3591137440.0,2.75,0.67,0.9,0.44
谷歌-A,GOOGL,2023-10-24,137.23,138.21,138.76,136.82,44814321,6213121024.0,1.43,1.7,2.31,0.76
谷歌-A,GOOGL,2023-10-25,127.56,125.01,127.71,124.47,84366208,10660407296.0,2.34,-9.55,-13.2,1.43
谷歌-A,GOOGL,2023-10-26,122.67,121.68,123.73,120.67,57061140,6993831936.0,2.45,-2.66,-3.33,0.96
谷歌-A,GOOGL,2023-10-27,122.28,121.57,122.71,119.606,44566506,5424956672.0,2.55,-0.09,-0.11,0.75
谷歌-A,GOOGL,2023-10-30,122.61,123.86,124.8,122.15,28940081,3601695440.0,2.18,1.88,2.29,0.49
谷歌-A,GOOGL,2023-10-31,124.46,123.48,124.77,122.085,26292342,3255482304.0,2.17,-0.31,-0.38,0.44
谷歌-A,GOOGL,2023-11-01,123.47,125.85,125.89,123.115,30082438,3777771568.0,2.25,1.92,2.37,0.51
谷歌-A,GOOGL,2023-11-02,127.82,126.89,128.38,126.33,27124647,3462541152.0,1.63,0.83,1.04,0.46
谷歌-A,GOOGL,2023-11-03,127.42,128.5,128.925,127.26,26393109,3403054768.0,1.31,1.27,1.61,0.45
谷歌-A,GOOGL,2023-11-06,128.45,129.65,129.74,128.07,19052740,2472294784.0,1.3,0.89,1.15,0.32
谷歌-A,GOOGL,2023-11-07,130.11,130.37,131.31,129.28,29757276,3901106816.0,1.57,0.56,0.72,0.5
谷歌-A,GOOGL,2023-11-08,130.37,131.24,131.61,130.18,26425849,3476168000.0,1.1,0.67,0.87,0.45
谷歌-A,GOOGL,2023-11-09,131.36,129.64,131.95,129.465,23747773,3112651920.0,1.89,-1.22,-1.6,0.4
谷歌-A,GOOGL,2023-11-10,129.505,131.99,132.2,128.81,26927826,3546035456.0,2.61,1.81,2.35,0.46
谷歌-A,GOOGL,2023-11-13,131.18,131.49,131.99,130.65,18324751,2420422464.0,1.02,-0.38,-0.5,0.31
谷歌-A,GOOGL,2023-11-14,133.59,133.02,135.1,132.72,32395178,4350138112.0,1.81,1.16,1.53,0.55
谷歌-A,GOOGL,2023-11-15,134.27,134.02,134.43,132.97,23861515,3205986992.0,1.1,0.75,1.0,0.4
谷歌-A,GOOGL,2023-11-16,134.59,136.33,136.62,133.72,28013179,3821096960.0,2.16,1.72,2.31,0.47
谷歌-A,GOOGL,2023-11-17,135.4,134.71,135.46,133.05,37287691,5030359808.0,1.77,-1.19,-1.62,0.63
谷歌-A,GOOGL,2023-11-20,133.09,135.65,136.06,133.02,27850762,3782020128.0,2.26,0.7,0.94,0.47
谷歌-A,GOOGL,2023-11-21,135.69,136.37,136.58,135.36,22635272,3094211632.0,0.9,0.53,0.72,0.38
谷歌-A,GOOGL,2023-11-22,136.87,137.89,138.82,136.87,17820456,2467712176.0,1.43,1.11,1.52,0.3
谷歌-A,GOOGL,2023-11-24,137.43,136.09,137.53,135.39,12514322,1711579712.0,1.55,-1.31,-1.8,0.21
谷歌-A,GOOGL,2023-11-27,135.43,135.81,137.82,135.4,23436526,3204296816.0,1.78,-0.21,-0.28,0.4
谷歌-A,GOOGL,2023-11-28,135.48,136.6,136.65,134.822,18730032,2559069760.0,1.35,0.58,0.79,0.32
谷歌-A,GOOGL,2023-11-29,136.97,134.39,137.688,134.24,23967222,3255091456.0,2.52,-1.62,-2.21,0.4
谷歌-A,GOOGL,2023-11-30,134.45,131.93,134.95,130.68,38988263,5165066240.0,3.18,-1.83,-2.46,0.66
谷歌-A,GOOGL,2023-12-01,131.26,131.26,131.51,130.065,31442263,4134619216.0,1.1,-0.51,-0.67,0.53
谷歌-A,GOOGL,2023-12-04,129.28,128.67,129.43,127.3,36669876,4723823872.0,1.62,-1.97,-2.59,0.62
谷歌-A,GOOGL,2023-12-05,128.35,130.39,131.54,127.65,27384784,3580682576.0,3.02,1.34,1.72,0.46
谷歌-A,GOOGL,2023-12-06,130.84,129.42,131.24,129.275,23576176,3080073968.0,1.51,-0.74,-0.97,0.4
谷歌-A,GOOGL,2023-12-07,134.44,136.33,137.96,134.1,56767100,7777993728.0,2.98,5.34,6.91,0.96
谷歌-A,GOOGL,2023-12-08,133.6,134.39,135.8,133.425,32260112,4356134144.0,1.74,-1.42,-1.94,0.55
谷歌-A,GOOGL,2023-12-11,131.78,132.69,132.735,130.76,31138011,4131244800.0,1.47,-1.26,-1.7,0.53
谷歌-A,GOOGL,2023-12-12,131.21,131.92,132.4,130.66,29032831,3841081344.0,1.31,-0.58,-0.77,0.49
谷歌-A,GOOGL,2023-12-13,132.78,131.97,132.9,130.97,30104775,3989938960.0,1.46,0.04,0.05,0.51
谷歌-A,GOOGL,2023-12-14,132.78,131.34,133.12,129.085,38722413,5089108736.0,3.06,-0.48,-0.63,0.65
谷歌-A,GOOGL,2023-12-15,131.02,132.0,132.91,130.58,50847113,6723196928.0,1.77,0.5,0.66,0.86
谷歌-A,GOOGL,2023-12-18,132.03,135.2,136.548,131.83,32257967,4375536128.0,3.57,2.42,3.2,0.55
谷歌-A,GOOGL,2023-12-19,136.24,136.05,136.87,135.48,25476753,3482471776.0,1.03,0.63,0.85,0.43
谷歌-A,GOOGL,2023-12-20,138.37,137.74,141.095,137.465,49107179,6867916544.0,2.67,1.24,1.69,0.83
谷歌-A,GOOGL,2023-12-21,138.89,139.82,140.085,138.58,27488284,3849654336.0,1.09,1.51,2.08,0.46
谷歌-A,GOOGL,2023-12-22,140.17,140.89,141.39,140.11,26532199,3749440496.0,0.92,0.77,1.07,0.45
谷歌-A,GOOGL,2023-12-26,140.99,140.92,142.08,140.59,16780333,2377372064.0,1.06,0.02,0.03,0.28
谷歌-A,GOOGL,2023-12-27,140.99,139.77,141.48,139.286,19628618,2756337504.0,1.56,-0.82,-1.15,0.33
谷歌-A,GOOGL,2023-12-28,140.18,139.63,140.54,139.15,16045712,2251597696.0,0.99,-0.1,-0.14,0.27
谷歌-A,GOOGL,2023-12-29,139.03,139.09,139.76,138.18,18733017,2615315600.0,1.13,-0.39,-0.54,0.32
谷歌-A,GOOGL,2024-01-02,137.95,137.57,138.85,135.88,23711220,3266395040.0,2.14,-1.09,-1.52,0.4
谷歌-A,GOOGL,2024-01-03,136.65,138.32,139.03,136.48,24212147,3359430160.0,1.85,0.55,0.75,0.41
谷歌-A,GOOGL,2024-01-04,137.82,135.79,138.56,135.75,27137735,3727750576.0,2.03,-1.83,-2.53,0.46
谷歌-A,GOOGL,2024-01-05,136.145,135.13,136.556,134.55,22513854,3062391536.0,1.48,-0.49,-0.66,0.38
谷歌-A,GOOGL,2024-01-08,135.69,138.24,138.41,135.66,21403982,2955997424.0,2.04,2.3,3.11,0.36
谷歌-A,GOOGL,2024-01-09,137.9,140.35,140.885,137.55,24759598,3477402864.0,2.41,1.53,2.11,0.42
谷歌-A,GOOGL,2024-01-10,140.4,141.68,142.4,140.31,21320203,3029368528.0,1.49,0.95,1.33,0.36
谷歌-A,GOOGL,2024-01-11,142.89,141.48,144.62,140.035,24008722,3416922752.0,3.24,-0.14,-0.2,0.41
谷歌-A,GOOGL,2024-01-12,142.07,142.05,142.595,141.22,18785514,2680430416.0,0.97,0.4,0.57,0.32
谷歌-A,GOOGL,2024-01-16,141.4,141.89,143.75,140.85,22670467,3232539888.0,2.04,-0.11,-0.16,0.38
谷歌-A,GOOGL,2024-01-17,140.745,140.87,141.24,138.3,20968649,2950459648.0,2.07,-0.72,-1.02,0.36
谷歌-A,GOOGL,2024-01-18,141.45,142.88,143.61,141.39,25746417,3688414208.0,1.58,1.43,2.01,0.44
谷歌-A,GOOGL,2024-01-19,144.14,145.78,145.85,143.78,34271867,4996868352.0,1.45,2.03,2.9,0.58
谷歌-A,GOOGL,2024-01-22,146.5,145.39,147.79,145.24,32200369,4730653440.0,1.75,-0.27,-0.39,0.55
谷歌-A,GOOGL,2024-01-23,145.29,146.44,146.582,144.9,21636129,3173566016.0,1.16,0.72,1.05,0.37
谷歌-A,GOOGL,2024-01-24,147.94,148.1,149.255,147.5,25233450,3760234640.0,1.2,1.13,1.66,0.43
谷歌-A,GOOGL,2024-01-25,149.465,151.27,152.45,148.94,29149069,4421299968.0,2.37,2.14,3.17,0.49
谷歌-A,GOOGL,2024-01-26,150.5,151.585,151.935,150.41,26115494,3969124512.0,1.01,0.21,0.315,0.44
谷歌-A,GOOGL,2024-01-29,151.46,152.91,153.18,150.83,27784259,4242392496.0,1.55,0.87,1.325,0.47
谷歌-A,GOOGL,2024-01-30,152.2,150.86,153.02,150.585,36331833,5528275200.0,1.59,-1.34,-2.05,0.62
谷歌-A,GOOGL,2024-01-31,143.02,139.5,143.4,139.27,71910044,10178088960.0,2.74,-7.53,-11.36,1.22
谷歌-A,GOOGL,2024-02-01,141.52,140.56,142.46,140.19,40466549,5733297408.0,1.63,0.76,1.06,0.69
谷歌-A,GOOGL,2024-02-02,138.66,141.78,142.02,135.9,62499574,8747933696.0,4.35,0.87,1.22,1.06
谷歌-A,GOOGL,2024-02-05,142.22,143.08,144.87,142.18,38505405,5544640256.0,1.9,0.92,1.3,0.65
谷歌-A,GOOGL,2024-02-06,144.05,143.5,144.76,142.59,29128201,4196047664.0,1.52,0.29,0.42,0.49
谷歌-A,GOOGL,2024-02-07,144.16,144.94,145.015,143.325,25208862,3657281856.0,1.18,1.0,1.44,0.43
谷歌-A,GOOGL,2024-02-08,145.23,145.31,145.73,144.505,22563764,3290433216.0,0.85,0.26,0.37,0.38
谷歌-A,GOOGL,2024-02-09,146.08,148.4,148.84,145.58,26829504,3983716640.0,2.24,2.13,3.09,0.46
谷歌-A,GOOGL,2024-02-12,147.82,146.93,148.735,146.77,21564085,3193969456.0,1.32,-0.99,-1.47,0.37
谷歌-A,GOOGL,2024-02-13,144.32,144.54,146.07,143.09,27837730,4037686272.0,2.03,-1.63,-2.39,0.47
谷歌-A,GOOGL,2024-02-14,145.48,145.34,145.92,143.494,22704166,3300798592.0,1.68,0.55,0.8,0.39
谷歌-A,GOOGL,2024-02-15,142.54,142.17,142.92,139.86,37590695,5339250944.0,2.11,-2.18,-3.17,0.64
谷歌-A,GOOGL,2024-02-16,142.39,139.92,142.59,139.54,31468926,4438564352.0,2.15,-1.58,-2.25,0.53
谷歌-A,GOOGL,2024-02-20,139.055,140.52,141.48,138.89,24935710,3514219104.0,1.85,0.43,0.6,0.42
谷歌-A,GOOGL,2024-02-21,140.85,141.95,142.09,140.075,23315687,3310545760.0,1.43,1.02,1.43,0.4
谷歌-A,GOOGL,2024-02-22,144.33,143.49,144.4,142.2,27191892,3914003664.0,1.55,1.08,1.54,0.46
谷歌-A,GOOGL,2024-02-23,143.07,143.36,144.08,142.83,19493752,2806343696.0,0.87,-0.09,-0.13,0.33
谷歌-A,GOOGL,2024-02-26,141.54,136.97,141.84,136.79,53641795,7450598144.0,3.52,-4.46,-6.39,0.91
谷歌-A,GOOGL,2024-02-27,137.42,138.28,138.65,136.49,33099190,4573443584.0,1.58,0.96,1.31,0.56
谷歌-A,GOOGL,2024-02-28,137.3,135.78,137.41,134.81,37328558,5084056576.0,1.88,-1.81,-2.5,0.63
谷歌-A,GOOGL,2024-02-29,136.68,137.86,138.26,135.8,42132953,5806106880.0,1.81,1.53,2.08,0.71
谷歌-A,GOOGL,2024-03-01,137.83,136.54,138.27,136.32,31151116,4289240656.0,1.41,-0.96,-1.32,0.53
谷歌-A,GOOGL,2024-03-04,135.06,132.75,135.06,131.31,55999415,7452861952.0,2.75,-2.78,-3.79,0.95
谷歌-A,GOOGL,2024-03-05,131.28,132.07,132.64,130.065,40194757,5309032704.0,1.94,-0.51,-0.68,0.68
谷歌-A,GOOGL,2024-03-06,132.52,130.8,132.98,130.25,35318610,4646858240.0,2.07,-0.96,-1.27,0.6
谷歌-A,GOOGL,2024-03-07,132.195,133.78,134.34,131.01,37738209,5053211648.0,2.55,2.28,2.98,0.64
谷歌-A,GOOGL,2024-03-08,133.61,134.81,137.485,133.4,39370392,5364665344.0,3.05,0.77,1.03,0.67
谷歌-A,GOOGL,2024-03-11,135.53,137.07,138.495,135.53,32437772,4478434048.0,2.2,1.68,2.26,0.55
谷歌-A,GOOGL,2024-03-12,136.43,137.9,138.775,136.43,27563354,3819868688.0,1.71,0.61,0.83,0.47
谷歌-A,GOOGL,2024-03-13,138.4,139.19,140.49,138.39,23347208,3271729840.0,1.52,0.94,1.29,0.4
谷歌-A,GOOGL,2024-03-14,140.59,142.5,142.985,139.855,42753387,6093132800.0,2.25,2.38,3.31,0.73
谷歌-A,GOOGL,2024-03-15,141.9,140.58,142.58,139.43,49475417,6988443136.0,2.21,-1.35,-1.92,0.84
谷歌-A,GOOGL,2024-03-18,148.01,147.08,151.55,146.57,69273699,10356577024.0,3.54,4.62,6.5,1.18
谷歌-A,GOOGL,2024-03-19,147.56,146.43,148.191,145.48,24070435,3535263440.0,1.84,-0.44,-0.65,0.41
谷歌-A,GOOGL,2024-03-20,147.4,148.14,148.26,146.135,21311501,3155371456.0,1.45,1.17,1.71,0.36
谷歌-A,GOOGL,2024-03-21,148.87,147.0,149.77,146.3,24755597,3663253984.0,2.34,-0.77,-1.14,0.42
谷歌-A,GOOGL,2024-03-22,148.52,150.17,150.98,148.38,29211769,4402778624.0,1.77,2.16,3.17,0.5
谷歌-A,GOOGL,2024-03-25,149.34,149.47,149.775,147.22,19229285,2875265856.0,1.7,-0.47,-0.7,0.33
谷歌-A,GOOGL,2024-03-26,149.62,150.07,151.656,149.38,22149137,3346366944.0,1.52,0.4,0.6,0.38
谷歌-A,GOOGL,2024-03-27,150.58,150.27,151.035,148.3,22879178,3435515504.0,1.82,0.13,0.2,0.39
谷歌-A,GOOGL,2024-03-28,150.25,150.33,150.83,149.57,24485390,3694163856.0,0.84,0.04,0.06,0.42
谷歌-A,GOOGL,2024-04-01,150.09,154.89,155.14,150.01,31730848,4914710016.0,3.41,3.03,4.56,0.54
谷歌-A,GOOGL,2024-04-02,152.9,153.96,154.1,151.55,24585985,3779921472.0,1.65,-0.6,-0.93,0.42
谷歌-A,GOOGL,2024-04-03,153.0,154.32,154.48,152.13,24704991,3812734816.0,1.53,0.23,0.36,0.42
谷歌-A,GOOGL,2024-04-04,152.9,149.93,154.17,149.85,34724738,5296793856.0,2.8,-2.84,-4.39,0.59
谷歌-A,GOOGL,2024-04-05,149.43,151.9,152.82,149.0,23459246,3574611760.0,2.55,1.31,1.97,0.4
谷歌-A,GOOGL,2024-04-08,152.18,154.25,154.67,152.01,20701974,3201136944.0,1.75,1.55,2.35,0.35
谷歌-A,GOOGL,2024-04-09,155.485,156.0,157.96,154.59,31113013,4872297728.0,2.18,1.13,1.75,0.53
谷歌-A,GOOGL,2024-04-10,155.61,155.54,156.01,154.08,22838629,3556697168.0,1.24,-0.29,-0.46,0.39
谷歌-A,GOOGL,2024-04-11,156.31,158.81,159.08,155.86,27166431,4304252672.0,2.07,2.1,3.27,0.46
谷歌-A,GOOGL,2024-04-12,157.36,157.13,159.623,156.54,25353746,4010639472.0,1.94,-1.06,-1.68,0.43
谷歌-A,GOOGL,2024-04-15,158.26,154.26,158.64,153.99,27136472,4249597824.0,2.96,-1.83,-2.87,0.46
谷歌-A,GOOGL,2024-04-16,153.59,153.8,155.05,152.83,20779495,3210820016.0,1.44,-0.3,-0.46,0.35
谷歌-A,GOOGL,2024-04-17,155.02,154.87,156.48,153.98,21763130,3389837824.0,1.63,0.7,1.07,0.37
谷歌-A,GOOGL,2024-04-18,154.74,155.41,156.34,154.02,19883044,3102405040.0,1.5,0.35,0.54,0.34
谷歌-A,GOOGL,2024-04-19,155.6,153.49,155.76,151.7,32615639,5030460160.0,2.61,-1.24,-1.92,0.56
谷歌-A,GOOGL,2024-04-22,153.71,155.68,157.04,153.46,26446206,4125748032.0,2.33,1.43,2.19,0.45
谷歌-A,GOOGL,2024-04-23,156.36,157.66,158.37,155.68,21151568,3344416208.0,1.73,1.27,1.98,0.36
谷歌-A,GOOGL,2024-04-24,156.89,158.53,158.965,156.565,22779112,3609356096.0,1.52,0.55,0.87,0.39
谷歌-A,GOOGL,2024-04-25,150.73,155.4,155.89,150.27,57109730,8841232128.0,3.55,-1.97,-3.13,0.97
谷歌-A,GOOGL,2024-04-26,173.77,171.35,174.11,169.05,64665299,11117407744.0,3.26,10.26,15.95,1.1
谷歌-A,GOOGL,2024-04-29,168.458,165.55,168.95,164.61,45610024,7622653440.0,2.53,-3.38,-5.8,0.78
谷歌-A,GOOGL,2024-04-30,165.012,162.18,167.5,162.0,33562861,5523227904.0,3.32,-2.04,-3.37,0.57
谷歌-A,GOOGL,2024-05-01,163.7,163.26,166.52,162.49,33493151,5523479296.0,2.48,0.67,1.08,0.57
谷歌-A,GOOGL,2024-05-02,164.185,166.02,166.13,163.29,24294549,4024910000.0,1.74,1.69,2.76,0.41
谷歌-A,GOOGL,2024-05-03,166.96,166.64,167.36,162.45,34662432,5747847424.0,2.96,0.37,0.62,0.59
谷歌-A,GOOGL,2024-05-06,166.86,167.5,167.54,165.43,21871283,3657046288.0,1.27,0.52,0.86,0.37
谷歌-A,GOOGL,2024-05-07,167.9,170.65,171.16,167.79,28039696,4787466496.0,2.01,1.88,3.15,0.48
谷歌-A,GOOGL,2024-05-08,168.4,168.78,169.55,168.135,19569146,3317731360.0,0.83,-1.1,-1.87,0.33
谷歌-A,GOOGL,2024-05-09,168.79,169.36,170.09,167.58,15346700,2597690448.0,1.49,0.34,0.58,0.26
谷歌-A,GOOGL,2024-05-10,167.425,168.05,169.25,165.59,29799931,5013114112.0,2.16,-0.77,-1.31,0.51
谷歌-A,GOOGL,2024-05-13,163.66,168.54,168.68,163.4,31327602,5223733504.0,3.14,0.29,0.49,0.53
谷歌-A,GOOGL,2024-05-14,169.17,169.74,170.65,168.2,25127138,4274756960.0,1.45,0.71,1.2,0.43
谷歌-A,GOOGL,2024-05-15,170.03,171.91,172.05,169.91,26948370,4631007488.0,1.26,1.28,2.17,0.46
谷歌-A,GOOGL,2024-05-16,172.69,173.58,174.515,172.09,27867947,4854957056.0,1.41,0.97,1.67,0.47
谷歌-A,GOOGL,2024-05-17,173.58,175.46,175.665,173.09,24479262,4299500544.0,1.48,1.08,1.88,0.42
谷歌-A,GOOGL,2024-05-20,175.592,176.32,178.17,175.48,22554400,3997969712.0,1.53,0.49,0.86,0.38
谷歌-A,GOOGL,2024-05-21,176.3,177.25,177.55,175.21,16989369,3015076304.0,1.33,0.53,0.93,0.29
谷歌-A,GOOGL,2024-05-22,176.044,175.78,176.55,174.61,17880042,3147385952.0,1.09,-0.83,-1.47,0.3
谷歌-A,GOOGL,2024-05-23,176.47,172.95,177.65,172.35,21024935,3673521424.0,3.02,-1.61,-2.83,0.36
谷歌-A,GOOGL,2024-05-24,174.38,174.39,175.17,173.05,16579438,2901536384.0,1.23,0.83,1.44,0.28
谷歌-A,GOOGL,2024-05-28,173.85,175.8,176.67,173.765,20572157,3621555744.0,1.67,0.81,1.41,0.35
谷歌-A,GOOGL,2024-05-29,174.83,175.3,176.236,174.12,23388693,4117739424.0,1.2,-0.28,-0.5,0.4
谷歌-A,GOOGL,2024-05-30,174.6,171.51,174.62,171.19,22958677,3967822128.0,1.96,-2.16,-3.79,0.39
谷歌-A,GOOGL,2024-05-31,171.26,171.9,172.46,168.84,37638876,6463788544.0,2.11,0.23,0.39,0.64
谷歌-A,GOOGL,2024-06-03,171.94,172.57,173.925,170.56,27459118,4742582272.0,1.96,0.39,0.67,0.47
谷歌-A,GOOGL,2024-06-04,172.68,173.19,173.245,171.29,26879596,4654250752.0,1.13,0.36,0.62,0.46
谷歌-A,GOOGL,2024-06-05,174.6,174.81,176.045,173.334,22068519,3867334912.0,1.57,0.94,1.62,0.38
谷歌-A,GOOGL,2024-06-06,175.295,176.13,176.55,175.15,23251013,4105996880.0,0.8,0.76,1.32,0.4
谷歌-A,GOOGL,2024-06-07,176.45,173.86,177.27,173.7,19661399,3455388064.0,2.03,-1.29,-2.27,0.33
谷歌-A,GOOGL,2024-06-10,174.57,174.61,176.66,172.36,23779218,4150455696.0,2.47,0.43,0.75,0.4
谷歌-A,GOOGL,2024-06-11,175.82,176.22,176.44,173.37,21540582,3804497600.0,1.76,0.92,1.61,0.37
谷歌-A,GOOGL,2024-06-12,177.85,177.39,180.01,175.71,27864737,4954488576.0,2.44,0.66,1.17,0.47
谷歌-A,GOOGL,2024-06-13,175.71,174.76,176.34,174.48,20913299,3674265952.0,1.05,-1.48,-2.63,0.36
谷歌-A,GOOGL,2024-06-14,173.82,176.39,176.662,173.75,18063555,3184779680.0,1.67,0.93,1.63,0.31
谷歌-A,GOOGL,2024-06-17,175.06,176.84,177.96,174.41,19618497,3465526944.0,2.01,0.26,0.45,0.33
谷歌-A,GOOGL,2024-06-18,176.74,174.69,176.985,173.704,21869857,3832781008.0,1.86,-1.22,-2.15,0.37
谷歌-A,GOOGL,2024-06-20,174.97,175.9,176.89,174.59,20160085,3547786352.0,1.32,0.69,1.21,0.34
谷歌-A,GOOGL,2024-06-21,176.6,179.23,180.45,176.21,58582743,10498162944.0,2.41,1.89,3.33,1.0
谷歌-A,GOOGL,2024-06-24,179.76,178.82,180.49,178.27,18298012,3284015280.0,1.24,-0.23,-0.41,0.31
谷歌-A,GOOGL,2024-06-25,179.22,183.63,183.89,179.02,23235589,4245530256.0,2.72,2.69,4.81,0.4
谷歌-A,GOOGL,2024-06-26,182.23,183.48,184.11,182.08,19838972,3644952576.0,1.11,-0.08,-0.15,0.34
谷歌-A,GOOGL,2024-06-27,183.78,185.01,185.65,183.62,18848884,3490848080.0,1.11,0.83,1.53,0.32
谷歌-A,GOOGL,2024-06-28,183.92,181.75,184.73,181.56,29156644,5337350912.0,1.71,-1.76,-3.26,0.5
谷歌-A,GOOGL,2024-07-01,182.63,182.59,183.48,180.9,16006128,2923782672.0,1.42,0.46,0.84,0.27
谷歌-A,GOOGL,2024-07-02,181.65,184.84,185.17,181.16,17372485,3200251904.0,2.2,1.23,2.25,0.3
谷歌-A,GOOGL,2024-07-03,184.45,185.42,185.69,183.6,10242126,1898805536.0,1.13,0.31,0.58,0.17
谷歌-A,GOOGL,2024-07-05,185.455,190.2,190.46,185.4,20967450,3980182400.0,2.73,2.58,4.78,0.36
谷歌-A,GOOGL,2024-07-08,189.495,188.63,189.77,187.38,21035886,3975183616.0,1.26,-0.83,-1.57,0.36
谷歌-A,GOOGL,2024-07-09,189.91,188.58,190.96,188.32,15141312,2871424720.0,1.4,-0.03,-0.05,0.26
谷歌-A,GOOGL,2024-07-10,188.75,190.78,191.35,188.63,15952454,3042641536.0,1.44,1.17,2.2,0.27
谷歌-A,GOOGL,2024-07-11,189.445,185.17,190.46,184.68,25625784,4784573696.0,3.03,-2.94,-5.61,0.44
谷歌-A,GOOGL,2024-07-12,184.68,184.67,186.71,184.09,22898406,4249718880.0,1.41,-0.27,-0.5,0.39
谷歌-A,GOOGL,2024-07-15,184.52,186.13,187.84,184.52,16474043,3076607584.0,1.8,0.79,1.46,0.28
谷歌-A,GOOGL,2024-07-16,186.96,183.52,188.28,182.974,18290722,3382401616.0,2.85,-1.4,-2.61,0.31
谷歌-A,GOOGL,2024-07-17,182.565,180.62,183.15,179.5,20734071,3755816880.0,1.99,-1.58,-2.9,0.35
谷歌-A,GOOGL,2024-07-18,181.53,177.29,182.1,176.07,25315727,4508486656.0,3.34,-1.84,-3.33,0.43
谷歌-A,GOOGL,2024-07-19,178.48,177.26,179.89,176.73,18881885,3367333280.0,1.78,-0.02,-0.03,0.32
谷歌-A,GOOGL,2024-07-22,180.19,181.27,182.3,179.83,24100345,4379982848.0,1.39,2.26,4.01,0.41
谷歌-A,GOOGL,2024-07-23,181.65,181.39,183.21,181.14,36352714,6636733440.0,1.14,0.07,0.12,0.62
谷歌-A,GOOGL,2024-07-24,173.2,172.23,175.79,171.42,49585203,8600061184.0,2.41,-5.05,-9.16,0.85
谷歌-A,GOOGL,2024-07-25,172.12,166.88,173.02,166.79,44851973,7614137600.0,3.62,-3.11,-5.35,0.77
谷歌-A,GOOGL,2024-07-26,166.75,166.6,167.69,163.66,41336886,6869754880.0,2.41,-0.17,-0.28,0.71
谷歌-A,GOOGL,2024-07-29,168.43,169.13,170.03,167.59,20293822,3437465792.0,1.46,1.52,2.53,0.35
谷歌-A,GOOGL,2024-07-30,169.84,169.89,170.83,168.04,18959686,3222621024.0,1.65,0.45,0.76,0.32
谷歌-A,GOOGL,2024-07-31,172.84,171.14,173.845,169.61,25729090,4414683136.0,2.49,0.74,1.25,0.44
谷歌-A,GOOGL,2024-08-01,169.85,170.36,173.65,168.48,24531392,4196246720.0,3.02,-0.46,-0.78,0.42
谷歌-A,GOOGL,2024-08-02,166.04,166.26,168.11,164.27,29130102,4840454656.0,2.25,-2.41,-4.1,0.5
谷歌-A,GOOGL,2024-08-05,155.1,158.85,164.03,154.53,53630673,8586659584.0,5.71,-4.46,-7.41,0.92
谷歌-A,GOOGL,2024-08-06,158.93,157.89,160.17,156.01,49004561,7771653632.0,2.62,-0.6,-0.96,0.84
谷歌-A,GOOGL,2024-08-07,160.85,158.54,162.58,158.07,25138573,4027959296.0,2.86,0.41,0.65,0.43
谷歌-A,GOOGL,2024-08-08,160.11,161.63,163.29,159.81,25578839,4152046512.0,2.2,1.95,3.09,0.44
谷歌-A,GOOGL,2024-08-09,159.61,163.27,163.39,158.66,28602285,4615297024.0,2.93,1.01,1.64,0.49
谷歌-A,GOOGL,2024-08-12,163.95,161.89,164.5,161.44,15895286,2589291920.0,1.87,-0.85,-1.38,0.27
谷歌-A,GOOGL,2024-08-13,163.01,163.76,164.33,162.57,18551690,3041023712.0,1.09,1.16,1.87,0.32
谷歌-A,GOOGL,2024-08-14,162.0,159.97,162.82,157.31,40591126,6475320832.0,3.36,-2.31,-3.79,0.69
谷歌-A,GOOGL,2024-08-15,160.1,160.9,161.235,159.21,31524252,5070062592.0,1.27,0.58,0.93,0.54
谷歌-A,GOOGL,2024-08-16,161.07,162.56,164.66,160.73,24208647,3953020736.0,2.44,1.03,1.66,0.41
谷歌-A,GOOGL,2024-08-19,164.88,166.27,166.29,163.86,22416185,3716093408.0,1.49,2.28,3.71,0.38
谷歌-A,GOOGL,2024-08-20,166.5,166.78,168.24,166.42,18341533,3073813008.0,1.09,0.31,0.51,0.31
谷歌-A,GOOGL,2024-08-21,164.75,165.45,166.45,164.27,22901997,3796934000.0,1.31,-0.8,-1.33,0.39
谷歌-A,GOOGL,2024-08-22,166.86,163.4,167.19,162.91,22493275,3706278352.0,2.59,-1.24,-2.05,0.38
谷歌-A,GOOGL,2024-08-23,164.32,165.22,165.78,163.43,13955741,2305741824.0,1.44,1.11,1.82,0.24
谷歌-A,GOOGL,2024-08-26,165.98,165.76,167.15,164.055,14190417,2354738864.0,1.87,0.33,0.54,0.24
谷歌-A,GOOGL,2024-08-27,165.435,164.28,166.043,164.06,11821941,1954802064.0,1.2,-0.89,-1.48,0.2
谷歌-A,GOOGL,2024-08-28,164.635,162.45,165.2,161.128,16407444,2670990768.0,2.48,-1.11,-1.83,0.28
谷歌-A,GOOGL,2024-08-29,163.91,161.38,165.57,159.85,19699767,3208483968.0,3.52,-0.66,-1.07,0.34
谷歌-A,GOOGL,2024-08-30,162.215,162.98,163.26,161.293,22123811,3604688528.0,1.22,0.99,1.6,0.38
谷歌-A,GOOGL,2024-09-03,161.32,156.96,161.45,156.08,38945301,6167749376.0,3.29,-3.69,-6.02,0.66
谷歌-A,GOOGL,2024-09-04,156.255,156.05,158.6,155.562,19353759,3039860512.0,1.94,-0.58,-0.91,0.33
谷歌-A,GOOGL,2024-09-05,155.9,156.84,159.05,155.581,18688747,2943568208.0,2.22,0.51,0.79,0.32
谷歌-A,GOOGL,2024-09-06,156.9,150.52,157.43,150.15,37912130,5770692864.0,4.64,-4.03,-6.32,0.65
谷歌-A,GOOGL,2024-09-09,152.31,148.51,153.2,147.015,39260451,5860663808.0,4.11,-1.34,-2.01,0.67
谷歌-A,GOOGL,2024-09-10,150.25,148.46,151.07,148.14,31118765,4650424832.0,1.97,-0.03,-0.05,0.53
谷歌-A,GOOGL,2024-09-11,149.72,150.96,151.3,147.32,29607693,4437764864.0,2.68,1.68,2.5,0.51
谷歌-A,GOOGL,2024-09-12,153.6,154.49,154.62,152.45,29695048,4574027264.0,1.44,2.34,3.53,0.51
谷歌-A,GOOGL,2024-09-13,155.23,157.26,158.18,155.01,29591152,4650908160.0,2.05,1.79,2.77,0.51
谷歌-A,GOOGL,2024-09-16,157.11,157.86,158.05,156.4,18379775,2899884656.0,1.05,0.38,0.6,0.31
谷歌-A,GOOGL,2024-09-17,158.82,159.12,160.35,158.175,20715612,3299948224.0,1.38,0.8,1.26,0.35
谷歌-A,GOOGL,2024-09-18,159.66,159.61,160.3,158.395,23677315,3780441984.0,1.2,0.31,0.49,0.4
谷歌-A,GOOGL,2024-09-19,163.51,161.94,163.59,161.14,26587733,4321604864.0,1.53,1.46,2.33,0.45
谷歌-A,GOOGL,2024-09-20,163.3,163.39,163.53,161.86,40896438,6679292672.0,1.03,0.9,1.45,0.7
谷歌-A,GOOGL,2024-09-23,164.15,161.65,165.29,161.47,24150852,3932182576.0,2.34,-1.06,-1.74,0.41
谷歌-A,GOOGL,2024-09-24,162.83,162.09,163.016,160.49,23332147,3785412480.0,1.56,0.27,0.44,0.4
谷歌-A,GOOGL,2024-09-25,161.27,161.29,162.61,161.1,18869199,3054197216.0,0.93,-0.49,-0.8,0.32
谷歌-A,GOOGL,2024-09-26,163.44,162.53,163.88,162.08,20319336,3310801136.0,1.12,0.77,1.24,0.35
谷歌-A,GOOGL,2024-09-27,162.61,163.75,165.5,162.426,21101307,3464516064.0,1.89,0.75,1.22,0.36
谷歌-A,GOOGL,2024-09-30,163.12,165.65,165.95,163.06,20481303,3382216704.0,1.76,1.16,1.9,0.35
谷歌-A,GOOGL,2024-10-01,167.485,166.79,168.96,164.38,28338123,4724431872.0,2.76,0.69,1.14,0.48
谷歌-A,GOOGL,2024-10-02,166.22,165.66,167.32,164.53,17760179,2942321024.0,1.67,-0.68,-1.13,0.3
谷歌-A,GOOGL,2024-10-03,164.21,165.66,166.44,163.723,15073101,2496436592.0,1.64,0.0,0.0,0.26
谷歌-A,GOOGL,2024-10-04,167.86,166.86,168.03,165.28,19093724,3183449216.0,1.66,0.72,1.2,0.33
谷歌-A,GOOGL,2024-10-07,167.52,162.78,168.28,162.55,22463140,3697854992.0,3.43,-2.45,-4.08,0.38
谷歌-A,GOOGL,2024-10-08,163.74,164.18,164.525,162.67,23072733,3780042736.0,1.14,0.86,1.4,0.39
谷歌-A,GOOGL,2024-10-09,163.25,161.66,164.64,159.54,31181774,5040190464.0,3.11,-1.53,-2.52,0.53
谷歌-A,GOOGL,2024-10-10,160.67,161.88,162.87,160.195,14144068,2291943584.0,1.65,0.14,0.22,0.24
谷歌-A,GOOGL,2024-10-11,161.93,163.04,163.7,161.035,15344251,2502688912.0,1.65,0.72,1.16,0.26
谷歌-A,GOOGL,2024-10-14,163.44,164.76,166.026,163.2,19016141,3137077424.0,1.73,1.05,1.72,0.33
谷歌-A,GOOGL,2024-10-15,165.585,165.26,167.48,164.425,20247195,3356532688.0,1.85,0.3,0.5,0.35
谷歌-A,GOOGL,2024-10-16,164.33,164.96,165.6,163.54,16406030,2705202272.0,1.25,-0.18,-0.3,0.28
谷歌-A,GOOGL,2024-10-17,165.53,162.73,166.17,162.56,21453395,3514000432.0,2.19,-1.35,-2.23,0.37
谷歌-A,GOOGL,2024-10-18,162.99,163.22,164.51,162.88,19757661,3232048928.0,1.0,0.3,0.49,0.34
谷歌-A,GOOGL,2024-10-21,162.75,163.87,164.3,162.42,20946455,3433112096.0,1.15,0.4,0.65,0.36
谷歌-A,GOOGL,2024-10-22,162.78,164.94,165.57,162.78,16568121,2730931040.0,1.7,0.65,1.07,0.28
谷歌-A,GOOGL,2024-10-23,164.56,162.58,165.62,161.725,18280518,2981691664.0,2.36,-1.43,-2.36,0.31
谷歌-A,GOOGL,2024-10-24,162.63,162.52,163.13,160.81,22412527,3641357200.0,1.43,-0.04,-0.06,0.38
谷歌-A,GOOGL,2024-10-25,163.47,165.07,165.39,163.22,19828884,3271057504.0,1.34,1.57,2.55,0.34
谷歌-A,GOOGL,2024-10-28,168.55,166.52,168.55,163.75,32138641,5358222336.0,2.91,0.88,1.45,0.55
谷歌-A,GOOGL,2024-10-29,167.53,169.48,170.18,166.89,42169025,7133543680.0,1.98,1.78,2.96,0.72
谷歌-A,GOOGL,2024-10-30,180.48,174.26,181.82,173.86,68890787,12277764608.0,4.7,2.82,4.78,1.18
谷歌-A,GOOGL,2024-10-31,172.93,170.91,176.62,170.8,44768981,7742707712.0,3.34,-1.92,-3.35,0.77
谷歌-A,GOOGL,2024-11-01,169.87,171.09,172.12,168.68,31796477,5444841472.0,2.01,0.11,0.18,0.54
谷歌-A,GOOGL,2024-11-04,169.73,169.04,170.53,167.811,21492744,3636585552.0,1.59,-1.2,-2.05,0.37
谷歌-A,GOOGL,2024-11-05,169.23,169.54,170.33,168.64,18242050,3096130384.0,1.0,0.3,0.5,0.31
谷歌-A,GOOGL,2024-11-06,173.6,176.31,176.74,173.3,33695538,5920734464.0,2.03,3.99,6.77,0.58
谷歌-A,GOOGL,2024-11-07,177.21,180.55,180.88,176.99,25352939,4556523264.0,2.21,2.4,4.24,0.43
谷歌-A,GOOGL,2024-11-08,180.445,178.15,180.7,177.88,22006182,3934044480.0,1.56,-1.33,-2.4,0.38
谷歌-A,GOOGL,2024-11-11,178.38,180.15,180.345,178.27,17450354,3140084752.0,1.16,1.12,2.0,0.3
谷歌-A,GOOGL,2024-11-12,179.62,181.42,182.29,179.19,25134905,4553915904.0,1.72,0.7,1.27,0.43
谷歌-A,GOOGL,2024-11-13,180.26,178.68,180.76,178.34,23184003,4156322560.0,1.33,-1.51,-2.74,0.4
谷歌-A,GOOGL,2024-11-14,178.08,175.38,178.62,174.122,31007457,5448366080.0,2.52,-1.85,-3.3,0.53
谷歌-A,GOOGL,2024-11-15,173.53,172.29,173.94,171.02,32504649,5606540032.0,1.66,-1.76,-3.09,0.56
谷歌-A,GOOGL,2024-11-18,173.22,175.1,175.238,172.7,20206613,3526758032.0,1.47,1.63,2.81,0.35
谷歌-A,GOOGL,2024-11-19,173.52,177.92,178.67,173.36,23434925,4149345824.0,3.03,1.61,2.82,0.4
谷歌-A,GOOGL,2024-11-20,177.14,175.78,177.475,173.58,18997111,3334200496.0,2.19,-1.2,-2.14,0.33
谷歌-A,GOOGL,2024-11-21,173.7,167.43,173.93,163.5,59734379,9956241152.0,5.93,-4.75,-8.35,1.02
谷歌-A,GOOGL,2024-11-22,165.65,164.56,166.26,163.7,38604587,6372378624.0,1.53,-1.71,-2.87,0.66
谷歌-A,GOOGL,2024-11-25,165.89,167.45,168.43,165.407,33135263,5551013632.0,1.84,1.76,2.89,0.57
谷歌-A,GOOGL,2024-11-26,167.43,168.92,169.62,167.38,20486720,3460926240.0,1.34,0.88,1.47,0.35
谷歌-A,GOOGL,2024-11-27,168.8,169.03,169.283,167.82,19266511,3258384272.0,0.87,0.07,0.11,0.33
谷歌-A,GOOGL,2024-11-29,168.3,168.75,169.23,166.96,14257244,2404829424.0,1.34,-0.17,-0.28,0.24
谷歌-A,GOOGL,2024-12-02,168.565,171.29,171.875,168.37,23789084,4073925856.0,2.08,1.51,2.54,0.41
谷歌-A,GOOGL,2024-12-03,171.29,171.14,172.48,170.65,22248705,3813967376.0,1.07,-0.09,-0.15,0.38
谷歌-A,GOOGL,2024-12-04,170.945,174.17,174.71,170.86,31615137,5497522176.0,2.25,1.77,3.03,0.54
谷歌-A,GOOGL,2024-12-05,175.16,172.44,175.86,172.13,21356243,3706683856.0,2.14,-0.99,-1.73,0.37
谷歌-A,GOOGL,2024-12-06,171.83,174.51,174.88,171.66,21462393,3749694688.0,1.87,1.2,2.07,0.37
谷歌-A,GOOGL,2024-12-09,173.96,175.37,176.26,173.65,25389631,4448723200.0,1.5,0.49,0.86,0.43
谷歌-A,GOOGL,2024-12-10,182.845,185.17,186.36,181.05,54813022,10092567040.0,3.03,5.59,9.8,0.94
谷歌-A,GOOGL,2024-12-11,185.31,195.4,195.61,184.85,67894071,13097699840.0,5.81,5.52,10.23,1.16
谷歌-A,GOOGL,2024-12-12,195.0,191.96,195.18,191.71,34817486,6734788864.0,1.78,-1.76,-3.44,0.6
谷歌-A,GOOGL,2024-12-13,191.01,189.82,192.73,189.64,25143495,4799306240.0,1.61,-1.11,-2.14,0.43
谷歌-A,GOOGL,2024-12-16,192.87,196.66,199.0,192.62,44934901,8836404736.0,3.36,3.6,6.84,0.77
谷歌-A,GOOGL,2024-12-17,197.25,195.42,201.42,194.98,43504025,8574209792.0,3.27,-0.63,-1.24,0.74
谷歌-A,GOOGL,2024-12-18,195.22,188.4,197.0,187.74,34166074,6541862656.0,4.74,-3.59,-7.02,0.58
谷歌-A,GOOGL,2024-12-19,191.625,188.51,193.03,188.38,32265241,6130958848.0,2.47,0.06,0.11,0.55
谷歌-A,GOOGL,2024-12-20,185.78,191.41,192.89,185.22,63462934,12083315968.0,4.07,1.54,2.9,1.09
谷歌-A,GOOGL,2024-12-23,192.62,194.63,195.1,190.15,25675014,4970320384.0,2.59,1.68,3.22,0.44
谷歌-A,GOOGL,2024-12-24,194.84,196.11,196.11,193.78,10403259,2033865936.0,1.2,0.76,1.48,0.18
谷歌-A,GOOGL,2024-12-26,195.15,195.6,196.748,194.375,12057210,2360855312.0,1.21,-0.26,-0.51,0.21
谷歌-A,GOOGL,2024-12-27,194.95,192.76,195.32,190.65,18891362,3635368912.0,2.39,-1.45,-2.84,0.32
谷歌-A,GOOGL,2024-12-30,189.8,191.24,192.55,189.12,14264659,2727285600.0,1.78,-0.79,-1.52,0.24
谷歌-A,GOOGL,2024-12-31,191.075,189.3,191.96,188.51,17466919,3316295024.0,1.8,-1.01,-1.94,0.3
谷歌-A,GOOGL,2025-01-02,190.65,189.43,192.0,187.5,20370828,3861985440.0,2.38,0.07,0.13,0.35
谷歌-A,GOOGL,2025-01-03,191.37,191.79,193.21,189.975,18596159,3566071920.0,1.71,1.25,2.36,0.32
谷歌-A,GOOGL,2025-01-06,193.98,196.87,198.222,193.85,29563638,5816277504.0,2.28,2.65,5.08,0.51
谷歌-A,GOOGL,2025-01-07,197.11,195.49,201.0,194.6,26487244,5219235328.0,3.25,-0.7,-1.38,0.45
谷歌-A,GOOGL,2025-01-08,192.57,193.95,196.29,192.38,24864766,4832507904.0,2.0,-0.79,-1.54,0.43
谷歌-A,GOOGL,2025-01-10,194.295,192.04,196.52,190.31,26665206,5141826560.0,3.2,-0.98,-1.91,0.46
谷歌-A,GOOGL,2025-01-13,190.07,191.01,191.18,187.36,21823699,4148617312.0,1.99,-0.54,-1.03,0.37
谷歌-A,GOOGL,2025-01-14,191.24,189.66,191.98,188.308,17174854,3264003136.0,1.92,-0.71,-1.35,0.29
谷歌-A,GOOGL,2025-01-15,193.09,195.55,196.36,191.86,21775969,4241971360.0,2.37,3.11,5.89,0.37
