time,tavg,tmin,tmax,prcp,snow,wdir,wspd,wpgt,pres,tsun
2023-01-01,-1.7,-11.9,7.8,0.0,,359.0,6.6,,1035.9,
2023-01-02,-4.7,-8.9,4.7,0.0,,22.0,10.7,,1037.1,
2023-01-03,-5.6,-9.9,3.7,0.0,,7.0,6.3,,1032.2,
2023-01-04,-4.3,-10.9,5.5,0.0,,182.0,4.5,,1030.9,
2023-01-05,-3.2,-11.9,5.5,0.0,,9.0,4.2,,1029.0,
2023-01-06,-0.6,-6.9,9.3,0.0,,328.0,10.2,,1021.5,
2023-01-07,-2.0,-9.9,9.3,0.0,,52.0,5.1,,1021.1,
2023-01-08,5.0,-6.9,12.3,0.0,,15.0,9.2,,1022.4,
2023-01-09,1.6,-3.4,12.3,0.0,,169.0,7.4,,1032.8,
2023-01-10,-2.9,-6.9,8.9,0.0,,128.0,5.1,,1028.9,
2023-01-11,1.0,-7.9,7.6,0.0,,40.0,4.1,,1021.8,
2023-01-12,1.7,-5.0,4.3,0.5,,352.0,7.5,,1016.1,
2023-01-13,0.9,-1.4,7.4,0.0,,359.0,13.8,,1019.6,
2023-01-14,-6.7,-6.9,7.4,0.0,,334.0,21.3,,1034.8,
2023-01-15,-7.5,-13.9,0.3,0.0,,327.0,12.6,,1032.2,
2023-01-16,-3.9,-14.9,1.5,0.0,,211.0,8.0,,1028.9,
2023-01-17,-3.1,-7.9,3.5,0.0,,307.0,13.2,,1028.0,
2023-01-18,-4.6,-12.9,4.1,0.0,,115.0,6.0,,1024.4,
2023-01-19,-2.5,-9.9,4.7,0.0,,322.0,16.8,,1023.8,
2023-01-20,-7.2,-11.9,4.7,0.0,,279.0,11.4,,1032.5,
2023-01-21,-6.5,-14.9,1.4,0.0,,27.0,5.1,,1024.9,
2023-01-22,-2.0,-11.9,4.9,0.5,,38.0,8.1,,1025.4,
2023-01-23,-9.8,-13.5,4.9,0.0,,348.0,19.8,,1037.1,
2023-01-24,-12.6,-15.9,-3.8,0.0,,286.0,16.8,,1041.2,
2023-01-25,-11.1,-19.9,-4.3,0.0,,115.0,4.5,,1026.6,
2023-01-26,-4.2,-15.4,1.4,0.0,,350.0,12.0,,1028.5,
2023-01-27,-1.3,-10.0,2.1,0.0,,281.0,16.2,,1032.1,
2023-01-28,-0.0,-7.6,6.1,0.0,,258.0,14.3,,1023.8,
2023-01-29,0.8,-4.9,10.1,0.0,,297.0,13.7,,1020.5,
2023-01-30,-1.8,-9.9,10.1,0.0,,71.0,4.4,,1019.0,
2023-01-31,4.6,-8.9,14.1,0.0,,325.0,14.4,,1015.9,
2023-02-01,-2.2,-6.9,14.1,0.0,,338.0,13.6,,1031.8,
2023-02-02,-4.3,-7.2,4.4,0.0,,32.0,6.4,,1031.9,
2023-02-03,-3.6,-9.9,5.9,0.0,,349.0,5.4,,1024.5,
2023-02-04,-1.0,-10.9,9.3,0.0,,141.0,6.9,,1024.8,
2023-02-05,-1.7,-7.2,9.3,0.0,,37.0,4.8,,1019.5,
2023-02-06,0.3,-6.9,9.1,0.0,,73.0,6.2,,1023.1,
2023-02-07,-1.4,-9.9,8.5,0.0,,81.0,5.1,,1026.4,
2023-02-08,2.3,-8.9,7.3,0.0,,16.0,6.6,,1031.5,
2023-02-09,-2.8,-1.9,7.6,0.3,,102.0,6.8,,1026.6,
2023-02-10,0.2,-8.9,3.5,0.0,,175.0,6.5,,1021.8,
2023-02-11,2.2,-4.5,3.5,0.0,,47.0,4.7,,1021.3,
2023-02-12,-0.1,0.1,3.5,5.8,,8.0,6.3,,1028.3,
2023-02-13,1.4,-4.9,6.3,0.0,,348.0,13.8,,1033.7,
2023-02-14,0.5,-4.9,6.3,0.0,,52.0,8.4,,1032.9,
2023-02-15,-1.6,-5.9,5.1,0.0,,170.0,7.5,,1033.7,
2023-02-16,-0.7,-7.9,7.3,0.0,,99.0,4.7,,1027.1,
2023-02-17,0.9,-3.9,7.3,0.0,,40.0,3.9,,1022.7,
2023-02-18,2.2,-4.0,5.6,0.3,,350.0,12.2,,1022.3,
2023-02-19,4.7,-4.0,11.5,0.0,,283.0,17.9,,1025.6,
2023-02-20,0.5,-3.9,11.5,0.0,,38.0,9.8,,1034.2,
2023-02-21,-0.1,-8.9,7.4,0.0,,88.0,6.9,,1037.6,
2023-02-22,1.8,-5.9,9.4,0.0,,91.0,5.7,,1026.8,
2023-02-23,3.5,-3.9,12.1,0.0,,46.0,5.3,,1023.5,
2023-02-24,1.9,-3.9,11.0,0.0,,36.0,10.5,,1033.6,
2023-02-25,1.8,-7.9,11.1,0.0,,295.0,9.2,,1039.6,
2023-02-26,3.8,-4.3,11.6,0.0,,156.0,6.3,,1035.3,
2023-02-27,4.7,-2.9,12.1,0.0,,144.0,6.2,,1027.1,
2023-02-28,6.7,-0.9,15.1,0.0,,348.0,13.8,,1024.6,
2023-03-01,3.2,-4.9,14.9,0.0,,351.0,16.2,,1029.9,
2023-03-02,5.2,-5.9,15.1,0.0,,197.0,8.4,,1027.2,
2023-03-03,8.9,-3.9,21.1,0.0,,307.0,9.4,,1020.9,
2023-03-04,7.8,-0.9,20.5,0.0,,89.0,7.3,,1023.6,
2023-03-05,4.8,-1.9,16.6,0.0,,100.0,5.9,,1021.1,
2023-03-06,12.7,-0.9,23.1,0.0,,301.0,7.5,,1015.8,
2023-03-07,12.0,4.0,23.1,0.0,,61.0,6.2,,1013.9,
2023-03-08,12.0,5.1,21.4,0.0,,133.0,14.4,,1015.8,
2023-03-09,9.8,0.1,20.3,0.0,,94.0,5.1,,1011.4,
2023-03-10,18.2,4.8,28.1,0.0,,345.0,14.3,,1010.5,
2023-03-11,9.7,7.1,16.1,0.3,,357.0,17.1,,1025.7,
2023-03-12,5.0,1.1,14.8,0.0,,295.0,18.5,,1030.6,
2023-03-13,5.4,-0.0,15.6,0.0,,47.0,4.8,,1012.3,
2023-03-14,10.7,0.1,21.4,0.0,,339.0,16.7,,1008.1,
2023-03-15,5.0,0.1,21.4,0.0,,330.0,18.8,,1025.7,
2023-03-16,5.9,-1.4,12.1,0.0,,104.0,8.3,,1031.0,
2023-03-17,3.8,-0.9,11.5,0.0,,96.0,5.6,,1026.3,
2023-03-18,9.0,-3.9,17.1,0.0,,285.0,8.6,,1022.3,
2023-03-19,10.5,1.6,17.4,0.0,,158.0,8.6,,1016.8,
2023-03-20,10.8,5.4,16.1,0.0,,123.0,6.0,,1010.2,
2023-03-21,14.3,7.1,18.4,0.0,,125.0,6.3,,1007.2,
2023-03-22,10.9,9.1,18.4,0.0,,340.0,19.1,,1012.6,
2023-03-23,8.2,4.1,15.2,0.0,,4.0,14.0,,1021.2,
2023-03-24,7.5,3.7,13.1,0.0,,75.0,9.2,,1024.9,
2023-03-25,7.9,4.1,15.1,0.0,,18.0,9.6,,1023.2,
2023-03-26,9.2,0.3,16.1,0.0,,194.0,9.0,,1020.6,
2023-03-27,12.6,1.1,20.6,0.0,,24.0,8.3,,1018.3,
2023-03-28,12.4,3.1,21.3,0.0,,115.0,7.1,,1019.3,
2023-03-29,16.5,7.3,26.1,0.0,,110.0,8.0,,1015.5,
2023-03-30,17.7,5.1,25.1,0.0,,186.0,9.3,,1014.3,
2023-03-31,17.3,9.2,25.2,0.0,,180.0,12.8,,1014.8,
2023-04-01,17.4,10.7,23.3,0.0,,173.0,10.7,,1013.0,
2023-04-02,15.3,12.1,22.4,0.0,,100.0,6.9,,1014.6,
2023-04-03,16.0,12.4,20.2,0.0,,69.0,7.5,,1018.6,
2023-04-04,8.5,7.1,16.1,9.5,,21.0,17.0,,1019.0,
2023-04-05,13.7,7.2,17.8,0.0,,347.0,8.6,,1015.1,
2023-04-06,12.7,10.9,18.3,0.0,,319.0,18.6,,1014.5,
2023-04-07,11.8,4.1,18.3,0.0,,305.0,18.0,,1021.5,
2023-04-08,14.9,3.1,23.1,0.0,,220.0,13.1,,1018.1,
2023-04-09,15.8,7.2,23.1,0.0,,149.0,7.7,,1007.7,
2023-04-10,20.7,11.0,28.6,0.0,,261.0,12.5,,1001.2,
2023-04-11,12.3,12.1,28.6,0.0,,312.0,23.9,,1013.7,
2023-04-12,16.3,6.9,23.1,0.0,,210.0,9.6,,1013.4,
2023-04-13,17.7,10.4,23.5,0.0,,94.0,6.3,,1007.8,
2023-04-14,15.7,13.1,23.5,0.0,,323.0,14.4,,1013.3,
2023-04-15,13.7,4.1,22.9,0.0,,353.0,12.6,,1006.7,
2023-04-16,16.5,4.9,22.1,0.0,,170.0,11.1,,1005.5,
2023-04-17,15.4,11.1,22.1,0.0,,105.0,7.2,,1006.1,
2023-04-18,19.1,9.1,28.1,0.0,,128.0,9.2,,1011.5,
2023-04-19,21.0,10.2,27.6,0.0,,121.0,8.7,,1005.8,
2023-04-20,15.4,14.1,26.7,0.0,,355.0,13.4,,1014.6,
2023-04-21,11.0,7.0,18.5,0.0,,242.0,12.8,,1024.7,
2023-04-22,9.5,7.0,15.0,0.0,,197.0,8.9,,1025.0,
2023-04-23,12.1,4.1,17.1,0.0,,171.0,7.7,,1028.7,
2023-04-24,13.0,5.2,18.1,0.5,,198.0,13.8,,1025.7,
2023-04-25,11.7,9.1,21.1,0.0,,285.0,14.4,,1013.5,
2023-04-26,15.4,2.7,20.5,0.0,,183.0,9.9,,1014.3,
2023-04-27,16.0,9.1,20.2,6.6,,59.0,5.3,,1009.9,
2023-04-28,13.3,10.1,22.1,5.6,,209.0,14.9,,1011.2,
2023-04-29,16.3,5.7,25.1,0.0,,288.0,14.9,,1009.0,
2023-04-30,17.4,8.1,25.1,0.0,,353.0,9.6,,1009.3,
2023-05-01,20.2,10.4,26.7,0.0,,92.0,9.3,,1009.6,
2023-05-02,21.7,16.1,29.1,0.0,,130.0,10.2,,1008.3,
2023-05-03,21.8,14.1,28.6,0.0,,106.0,8.9,,1011.3,
2023-05-04,18.0,15.7,28.0,1.3,,71.0,6.8,,1009.1,
2023-05-05,17.2,16.5,20.3,0.0,,358.0,14.7,,1009.2,
2023-05-06,17.4,12.1,24.2,0.0,,358.0,9.8,,1015.7,
2023-05-07,18.6,8.1,27.1,0.0,,44.0,8.6,,1017.9,
2023-05-08,21.3,11.1,29.1,0.0,,232.0,8.9,,1017.8,
2023-05-09,20.7,12.4,28.2,0.0,,142.0,9.2,,1017.4,
2023-05-10,21.2,14.1,29.1,0.0,,158.0,8.4,,1017.3,
2023-05-11,20.1,14.1,27.1,0.0,,160.0,8.7,,1015.2,
2023-05-12,17.3,13.1,27.4,0.5,,43.0,8.0,,1009.7,
2023-05-13,23.0,11.7,29.1,0.0,,221.0,9.6,,1008.6,
2023-05-14,22.7,16.1,30.3,0.0,,112.0,8.0,,1002.1,
2023-05-15,26.2,17.4,34.6,0.0,,123.0,6.8,,998.4,
2023-05-16,27.0,23.1,35.0,0.0,,135.0,10.2,,996.7,
2023-05-17,20.7,19.1,35.0,0.0,,107.0,8.9,,1006.3,
2023-05-18,22.1,14.5,28.3,1.0,,138.0,9.6,,1011.6,
2023-05-19,17.6,15.1,28.3,1.3,,60.0,7.2,,1006.9,
2023-05-20,21.8,17.6,24.1,0.0,,315.0,19.7,,1009.2,
2023-05-21,21.2,18.9,27.1,0.0,,287.0,16.8,,1013.5,
2023-05-22,22.6,14.1,30.6,0.0,,358.0,8.9,,1012.7,
2023-05-23,25.7,13.9,31.1,0.0,,185.0,9.9,,1010.1,
2023-05-24,23.9,19.0,30.7,0.0,,185.0,18.8,,1005.4,
2023-05-25,20.3,18.1,28.1,0.0,,170.0,11.1,,1006.7,
2023-05-26,24.2,16.3,30.1,0.0,,142.0,9.0,,1012.1,
2023-05-27,20.0,18.0,29.8,9.7,,126.0,6.9,,1012.7,
2023-05-28,23.9,17.9,29.1,0.0,,180.0,6.9,,1011.8,
2023-05-29,26.5,18.7,32.1,0.0,,136.0,8.9,,1013.5,
2023-05-30,20.6,20.1,32.0,0.8,,76.0,5.0,,1013.2,
2023-05-31,21.5,16.1,27.1,0.0,,186.0,6.2,,1007.6,
2023-06-01,25.7,16.6,32.1,0.0,,322.0,11.1,,1002.0,
2023-06-02,24.8,19.1,32.2,0.0,,310.0,12.2,,1008.2,
2023-06-03,26.3,17.1,34.1,0.0,,182.0,8.4,,1009.5,
2023-06-04,27.2,19.1,34.1,0.0,,18.0,10.7,,1008.4,
2023-06-05,29.4,16.1,37.1,0.0,,255.0,10.4,,1004.8,
2023-06-06,29.7,23.1,37.1,0.0,,303.0,14.9,,1003.6,
2023-06-07,27.9,22.1,37.1,0.0,,83.0,8.3,,998.7,
2023-06-08,26.0,17.1,37.7,0.0,,331.0,9.9,,1001.6,
2023-06-09,27.5,17.3,35.1,0.0,,342.0,13.4,,999.3,
2023-06-10,24.5,18.1,33.6,0.0,,44.0,9.0,,1002.5,
2023-06-11,22.7,18.1,30.8,0.3,,34.0,8.0,,1005.5,
2023-06-12,24.5,18.1,31.1,0.0,,26.0,7.8,,1006.0,
2023-06-13,27.5,17.4,34.1,0.0,,55.0,8.0,,1004.2,
2023-06-14,28.3,20.1,36.1,0.0,,135.0,8.9,,1003.9,
2023-06-15,29.8,20.1,38.1,0.0,,118.0,8.7,,1004.1,
2023-06-16,32.5,21.1,40.1,0.0,,173.0,11.3,,1006.1,
2023-06-17,30.4,23.1,38.1,0.0,,121.0,10.1,,1007.7,
2023-06-18,29.5,20.1,35.1,0.0,,124.0,10.4,,1006.8,
2023-06-19,22.0,20.1,28.1,2.5,,96.0,8.3,,1003.4,
2023-06-20,26.3,20.1,34.1,0.5,,32.0,6.5,,1002.1,
2023-06-21,30.3,19.7,39.1,0.0,,38.0,6.9,,1003.9,
2023-06-22,32.8,22.0,41.2,0.0,,135.0,9.5,,1003.3,
2023-06-23,32.5,24.1,41.2,0.0,,143.0,9.0,,1004.0,
2023-06-24,33.0,25.1,40.1,0.0,,146.0,13.1,,1006.0,
2023-06-25,28.0,24.1,40.1,0.0,,110.0,11.6,,1008.1,
2023-06-26,25.1,23.1,34.8,0.0,,143.0,9.1,,1003.5,
2023-06-27,31.0,21.6,37.3,0.0,,190.0,8.1,,1000.8,
2023-06-28,23.5,21.1,37.3,14.5,,60.0,8.3,,1002.0,
2023-06-29,30.3,20.2,38.1,0.0,,264.0,8.9,,999.6,
2023-06-30,32.2,22.5,40.1,0.0,,162.0,8.9,,998.3,
2023-07-01,32.7,24.1,41.1,0.0,,175.0,11.1,,1000.7,
2023-07-02,32.2,24.4,39.8,0.0,,136.0,9.2,,1002.9,
2023-07-03,28.2,24.9,38.3,1.8,,114.0,7.8,,1002.6,
2023-07-04,24.3,21.1,33.3,2.0,,4.0,10.4,,997.1,
2023-07-05,30.3,20.1,41.0,0.0,,256.0,10.5,,990.7,
2023-07-06,32.9,21.7,42.1,0.0,,158.0,8.8,,990.5,
2023-07-07,31.4,24.1,41.1,0.0,,338.0,11.6,,993.5,
2023-07-08,31.4,25.1,38.1,0.0,,318.0,14.1,,997.0,
2023-07-09,32.8,24.1,39.1,0.0,,277.0,9.9,,998.3,
2023-07-10,31.7,24.1,39.7,0.0,,96.0,9.6,,998.5,
2023-07-11,29.6,25.0,39.7,4.3,,116.0,10.5,,1001.8,
2023-07-12,23.2,22.1,35.0,14.5,,82.0,7.4,,1003.9,
2023-07-13,23.5,22.3,24.1,8.4,,10.0,5.4,,1000.1,
2023-07-14,31.1,22.9,36.0,0.0,,282.0,13.7,,995.0,
2023-07-15,29.5,27.6,36.0,0.0,,323.0,19.1,,1000.7,
2023-07-16,30.3,23.5,36.6,0.0,,286.0,9.5,,1005.5,
2023-07-17,30.5,24.1,36.6,0.0,,139.0,9.2,,1009.3,
2023-07-18,29.6,24.1,37.1,0.0,,154.0,7.8,,1009.7,
2023-07-19,30.4,23.1,37.2,0.0,,201.0,8.1,,1006.6,
2023-07-20,30.9,24.1,37.2,0.0,,159.0,8.1,,1005.6,
2023-07-21,23.4,22.6,36.7,6.1,,17.0,8.6,,1007.7,
2023-07-22,22.4,20.1,27.3,54.6,,331.0,10.1,,1005.7,
2023-07-23,29.0,20.4,34.6,0.0,,208.0,6.6,,1003.6,
2023-07-24,27.9,22.5,34.6,13.5,,118.0,8.3,,1004.3,
2023-07-25,28.5,22.1,34.3,0.0,,152.0,8.1,,1007.2,
2023-07-26,27.2,23.2,34.3,29.0,,105.0,6.3,,1009.1,
2023-07-27,27.1,23.1,34.3,0.0,,100.0,8.3,,1008.5,
2023-07-28,26.7,24.1,33.7,0.0,,30.0,4.7,,1009.3,
2023-07-29,26.4,25.1,30.4,29.5,,64.0,6.5,,1009.7,
2023-07-30,24.4,23.0,29.4,113.3,,42.0,10.4,,1009.5,
2023-07-31,25.7,23.0,27.0,60.2,,83.0,11.1,,1008.5,
2023-08-01,26.4,24.9,28.8,32.0,,126.0,7.8,,1007.7,
2023-08-02,29.2,25.8,31.1,4.1,,165.0,9.6,,1003.3,
2023-08-03,29.9,26.8,32.1,0.0,,168.0,7.2,,999.9,
2023-08-04,30.9,29.0,35.1,0.0,,272.0,6.6,,999.5,
2023-08-05,29.7,26.1,36.1,0.0,,59.0,8.4,,1000.4,
2023-08-06,26.1,25.1,36.1,0.0,,161.0,8.6,,1003.9,
2023-08-07,25.7,24.1,28.4,0.0,,140.0,7.1,,1004.1,
2023-08-08,28.5,24.5,31.4,0.0,,121.0,6.1,,1004.9,
2023-08-09,29.2,25.6,33.3,0.0,,137.0,7.4,,1007.1,
2023-08-10,27.9,26.1,33.3,0.0,,133.0,8.4,,1006.6,
2023-08-11,26.0,25.1,32.3,4.3,,114.0,5.3,,1001.5,
2023-08-12,27.1,23.1,32.1,1.5,,59.0,8.9,,1000.7,
2023-08-13,29.5,23.1,34.7,0.0,,133.0,6.9,,1003.1,
2023-08-14,29.5,24.1,36.1,0.0,,180.0,7.2,,1005.0,
2023-08-15,30.0,24.3,35.2,0.0,,164.0,6.5,,1005.1,
2023-08-16,29.2,24.1,37.1,16.5,,149.0,7.5,,1003.3,
2023-08-17,29.2,23.8,35.6,0.0,,127.0,5.9,,1005.0,
2023-08-18,30.0,26.1,37.1,0.0,,356.0,6.9,,1004.6,
2023-08-19,29.7,23.1,37.1,0.0,,106.0,6.2,,1008.0,
2023-08-20,26.2,25.1,35.2,9.9,,101.0,6.8,,1008.7,
2023-08-21,25.1,20.5,33.5,7.1,,151.0,7.5,,1003.4,
2023-08-22,25.9,20.1,31.8,0.0,,345.0,9.0,,1004.6,
2023-08-23,26.2,19.1,32.1,1.5,,333.0,7.8,,1007.4,
2023-08-24,20.0,18.1,31.9,7.6,,14.0,6.3,,1011.0,
2023-08-25,24.2,17.1,28.1,6.1,,61.0,5.3,,1010.5,
2023-08-26,23.6,19.6,29.1,0.3,,105.0,7.2,,1011.8,
2023-08-27,23.8,21.1,28.1,0.0,,20.0,5.4,,1011.8,
2023-08-28,23.9,20.1,29.4,0.0,,16.0,9.6,,1009.8,
2023-08-29,23.2,19.1,29.8,0.0,,25.0,8.3,,1011.0,
2023-08-30,24.7,18.2,31.1,0.0,,343.0,7.8,,1011.3,
2023-08-31,22.3,20.1,31.1,0.0,,69.0,7.4,,1010.5,
2023-09-01,24.4,18.1,31.1,0.0,,136.0,6.8,,1013.7,
2023-09-02,23.3,19.1,30.7,35.8,,72.0,5.9,,1011.7,
2023-09-03,25.0,20.1,30.2,0.0,,92.0,5.3,,1009.6,
2023-09-04,26.9,21.5,31.1,0.0,,82.0,4.4,,1011.7,
2023-09-05,27.1,24.1,32.1,0.0,,116.0,6.1,,1014.6,
2023-09-06,27.5,23.0,33.1,0.0,,162.0,6.3,,1014.7,
2023-09-07,27.8,24.0,33.1,0.0,,166.0,8.3,,1013.0,
2023-09-08,23.5,21.4,31.6,26.9,,37.0,5.4,,1012.5,
2023-09-09,20.2,19.8,28.1,56.9,,49.0,7.2,,1012.6,
2023-09-10,22.5,19.7,25.1,0.0,,127.0,4.4,,1010.3,
2023-09-11,24.5,20.7,30.1,0.0,,39.0,5.3,,1008.6,
2023-09-12,21.3,16.1,29.2,0.0,,87.0,6.9,,1014.5,
2023-09-13,21.8,16.0,28.1,0.0,,155.0,7.4,,1013.9,
2023-09-14,22.5,16.1,29.1,0.0,,154.0,6.0,,1013.3,
2023-09-15,23.0,16.6,30.1,0.0,,129.0,6.8,,1011.8,
2023-09-16,24.3,19.2,30.1,0.0,,87.0,6.2,,1010.7,
2023-09-17,22.7,21.1,29.6,0.0,,90.0,6.8,,1008.5,
2023-09-18,23.3,17.1,30.1,0.0,,20.0,6.6,,1009.1,
2023-09-19,21.3,15.1,30.1,0.0,,11.0,8.3,,1015.5,
2023-09-20,20.6,14.1,27.1,0.0,,15.0,8.4,,1017.6,
2023-09-21,21.5,13.1,29.1,0.0,,121.0,5.7,,1014.8,
2023-09-22,21.2,16.1,28.1,0.0,,28.0,11.6,,1017.3,
2023-09-23,20.3,15.1,26.1,0.0,,115.0,6.9,,1022.1,
2023-09-24,16.8,15.1,22.1,0.0,,75.0,5.9,,1018.6,
2023-09-25,17.9,13.4,23.1,0.0,,127.0,5.4,,1015.4,
2023-09-26,19.5,15.4,25.1,0.0,,154.0,5.7,,1013.8,
2023-09-27,19.2,14.1,28.5,0.0,,336.0,9.2,,1013.4,
2023-09-28,17.9,10.6,28.5,0.0,,47.0,6.1,,1017.2,
2023-09-29,21.8,12.1,28.1,0.0,,315.0,8.9,,1013.5,
2023-09-30,17.9,12.1,28.0,0.0,,323.0,11.6,,1015.9,
2023-10-01,16.9,9.1,26.1,0.0,,357.0,6.5,,1017.5,
2023-10-02,16.5,9.1,26.1,0.0,,89.0,5.0,,1016.5,
2023-10-03,19.3,11.7,26.1,2.0,,226.0,6.3,,1014.5,
2023-10-04,15.7,11.1,25.6,0.0,,1.0,7.1,,1019.7,
2023-10-05,15.0,6.9,24.1,0.0,,1.0,6.0,,1024.3,
2023-10-06,15.0,8.2,23.1,0.0,,14.0,7.2,,1021.3,
2023-10-07,16.3,10.0,23.1,0.0,,107.0,6.3,,1020.6,
2023-10-08,16.3,12.1,23.1,0.0,,330.0,9.3,,1019.7,
2023-10-09,16.5,10.1,23.1,0.0,,337.0,8.9,,1023.3,
2023-10-10,15.1,9.1,24.1,0.0,,11.0,6.3,,1025.8,
2023-10-11,16.2,9.5,23.2,0.0,,88.0,5.4,,1025.6,
2023-10-12,14.8,12.1,23.5,0.5,,77.0,4.1,,1024.9,
2023-10-13,13.4,10.1,23.0,0.0,,349.0,6.0,,1018.1,
2023-10-14,14.5,7.1,24.2,0.0,,319.0,7.8,,1013.1,
2023-10-15,13.8,7.1,24.2,0.0,,23.0,8.6,,1014.9,
2023-10-16,13.0,4.1,23.5,0.0,,77.0,4.5,,1021.0,
2023-10-17,16.2,8.2,21.7,1.3,,48.0,4.2,,1017.2,
2023-10-18,18.5,10.0,23.1,0.0,,302.0,12.8,,1016.8,
2023-10-19,14.3,10.0,22.9,0.0,,325.0,18.9,,1022.0,
2023-10-20,12.4,4.1,20.2,0.0,,292.0,14.6,,1025.5,
2023-10-21,12.1,3.1,23.1,0.0,,147.0,6.9,,1022.3,
2023-10-22,12.7,4.4,23.3,0.0,,319.0,5.0,,1019.0,
2023-10-23,12.7,6.4,23.3,0.0,,59.0,5.0,,1016.2,
2023-10-24,13.8,7.1,24.1,0.0,,8.0,5.9,,1014.4,
2023-10-25,18.6,8.2,28.1,0.0,,337.0,6.9,,1014.0,
2023-10-26,13.1,6.1,27.6,0.0,,123.0,7.8,,1020.0,
2023-10-27,12.6,6.1,23.1,0.0,,338.0,5.1,,1017.3,
2023-10-28,14.5,7.5,22.8,0.0,,60.0,5.7,,1016.9,
2023-10-29,14.9,10.1,21.6,0.0,,44.0,4.2,,1016.4,
2023-10-30,17.8,9.6,23.1,0.0,,68.0,7.8,,1017.3,
2023-10-31,15.0,12.1,22.6,0.0,,109.0,5.4,,1015.0,
2023-11-01,16.9,10.9,22.3,0.0,,82.0,7.8,,1012.8,
2023-11-02,16.9,14.1,22.7,0.0,,21.0,6.9,,1010.7,
2023-11-03,13.5,11.1,22.1,0.0,,99.0,12.2,,1019.4,
2023-11-04,12.5,9.8,17.3,1.0,,92.0,4.7,,1020.9,
2023-11-05,8.6,8.0,16.9,7.1,,10.0,12.0,,1017.3,
2023-11-06,4.3,3.1,11.3,0.0,,312.0,23.9,,1017.0,
2023-11-07,6.0,-2.2,12.2,0.0,,53.0,5.3,,1020.4,
2023-11-08,8.3,3.1,15.1,0.0,,8.0,8.4,,1016.7,
2023-11-09,3.0,1.1,14.5,0.0,,337.0,20.4,,1028.0,
2023-11-10,1.0,-1.9,8.2,0.0,,351.0,11.3,,1035.8,
2023-11-11,1.9,-2.5,7.3,0.0,,4.0,9.8,,1035.9,
2023-11-12,2.5,-0.9,7.1,0.0,,342.0,16.8,,1037.2,
2023-11-13,1.5,-3.9,8.1,0.0,,257.0,7.8,,1033.5,
2023-11-14,2.8,-4.4,12.1,0.0,,282.0,6.3,,1026.2,
2023-11-15,7.4,-2.6,11.7,0.0,,329.0,6.9,,1025.9,
2023-11-16,6.7,0.6,11.7,0.0,,304.0,19.2,,1024.8,
2023-11-17,3.1,-0.9,11.7,0.0,,333.0,23.9,,1026.1,
2023-11-18,3.3,-3.9,12.1,0.0,,266.0,6.0,,1022.0,
2023-11-19,6.1,-1.9,17.4,0.0,,24.0,8.0,,1019.9,
2023-11-20,4.6,-2.9,17.4,0.0,,56.0,4.1,,1020.1,
2023-11-21,6.0,0.1,15.1,0.0,,18.0,5.4,,1015.0,
2023-11-22,8.5,2.1,16.4,0.0,,327.0,12.9,,1012.6,
2023-11-23,-2.7,-3.9,7.1,0.0,,311.0,27.9,,1027.5,
2023-11-24,-5.2,-8.9,1.9,0.0,,28.0,8.0,,1036.1,
2023-11-25,-4.5,-9.9,1.6,0.0,,79.0,5.0,,1031.9,
2023-11-26,-3.2,-8.9,2.4,0.0,,32.0,4.5,,1022.9,
2023-11-27,1.9,-7.9,11.0,0.0,,347.0,13.8,,1019.7,
2023-11-28,-0.8,-8.9,11.0,0.0,,162.0,8.4,,1024.6,
2023-11-29,-2.4,-4.0,4.2,0.0,,324.0,22.1,,1033.9,
2023-11-30,-3.0,-7.9,3.2,0.0,,8.0,13.7,,1035.0,
2023-12-01,-3.1,-7.9,5.1,0.0,,323.0,8.4,,1029.7,
2023-12-02,-0.8,-9.9,10.6,0.0,,344.0,6.6,,1026.1,
2023-12-03,0.2,-8.9,10.6,0.0,,344.0,5.9,,1024.4,
2023-12-04,-0.1,-5.9,10.6,0.0,,351.0,5.7,,1016.3,
2023-12-05,3.1,-6.9,11.0,0.0,,11.0,4.8,,1013.8,
2023-12-06,3.3,-2.9,11.1,0.0,,303.0,11.7,,1014.3,
2023-12-07,1.9,-3.9,11.1,0.0,,54.0,4.8,,1006.6,
2023-12-08,3.8,-1.9,14.1,0.0,,345.0,4.5,,1006.3,
2023-12-09,2.2,-0.9,12.3,0.0,,122.0,6.9,,1022.9,
2023-12-10,-0.7,-4.9,8.4,1.8,,141.0,5.9,,1034.1,
2023-12-11,-3.5,-4.9,1.0,6.1,,43.0,6.0,,1031.8,
2023-12-12,-3.1,-8.3,-1.7,0.0,,108.0,6.0,,1029.6,
2023-12-13,-2.2,-2.9,-1.5,2.8,71.0,91.0,5.7,,1030.2,
2023-12-14,-4.6,-5.9,-1.5,5.1,109.0,69.0,9.5,,1030.2,
2023-12-15,-8.0,-8.9,-3.8,0.0,,342.0,20.1,,1032.7,
2023-12-16,-13.4,-12.9,-4.7,0.0,,321.0,19.8,,1038.1,
2023-12-17,-13.1,-20.9,-4.9,0.0,,240.0,5.9,,1038.4,
2023-12-18,-11.1,-18.9,-4.7,0.0,,56.0,3.9,,1034.5,
2023-12-19,-11.2,-14.9,-4.7,0.0,,334.0,21.3,,1037.4,
2023-12-20,-11.6,-16.9,-6.3,0.0,,337.0,20.0,,1040.4,
2023-12-21,-9.1,-14.2,-5.6,0.0,,301.0,23.4,,1042.1,
2023-12-22,-9.9,-12.9,-2.9,0.0,,276.0,8.1,,1040.8,
2023-12-23,-4.7,-13.0,-0.4,0.0,,335.0,11.9,,1037.3,
2023-12-24,-6.8,-12.0,0.1,0.0,,306.0,12.5,,1033.7,
2023-12-25,-4.5,-11.9,6.2,0.0,,179.0,5.4,,1028.7,
2023-12-26,-3.8,-9.9,3.7,0.0,,59.0,7.5,,1031.3,
2023-12-27,-4.4,-11.9,3.8,0.0,,76.0,5.7,,1033.1,
2023-12-28,-2.6,-10.9,5.0,0.0,,284.0,6.3,,1029.6,
2023-12-29,-3.1,-10.9,4.7,0.0,,108.0,4.2,,1024.5,
2023-12-30,0.9,-7.9,3.4,0.0,,330.0,7.7,,1017.7,
2023-12-31,-2.7,-4.9,4.4,0.0,,23.0,10.8,,1030.5,
2024-01-01,-4.7,-9.9,4.4,0.0,,163.0,4.7,,1028.1,
2024-01-02,-1.7,-6.9,4.1,0.0,,313.0,6.0,,1023.6,
2024-01-03,-2.3,-5.9,6.1,0.0,,325.0,10.2,,1023.0,
2024-01-04,1.4,-9.9,9.1,0.0,,347.0,9.5,,1016.3,
2024-01-05,0.8,-5.5,8.5,0.0,,283.0,9.5,,1023.4,
2024-01-06,-2.7,-4.9,5.7,0.0,,313.0,20.6,,1029.6,
2024-01-07,-5.3,-11.9,2.9,0.0,,99.0,8.9,,1032.1,
2024-01-08,-3.3,-9.5,1.6,0.0,,56.0,4.5,,1022.6,
2024-01-09,-1.7,-5.0,7.1,0.0,,358.0,8.7,,1024.9,
2024-01-10,-3.2,-9.0,5.3,0.0,,178.0,5.7,,1023.6,
2024-01-11,-1.1,-8.9,11.1,0.0,,15.0,6.2,,1016.9,
2024-01-12,-1.7,-7.9,7.4,0.0,,23.0,4.4,,1020.9,
2024-01-13,-1.3,-4.4,6.5,0.0,,56.0,6.2,,1023.9,
2024-01-14,-2.8,-6.9,3.1,0.0,,5.0,12.2,,1033.0,
2024-01-15,-4.2,-10.9,4.1,0.0,,17.0,7.4,,1032.7,
2024-01-16,-1.3,-10.9,3.9,0.0,,63.0,5.3,,1030.6,
2024-01-17,-2.2,-2.9,3.2,0.0,,350.0,5.3,,1025.6,
2024-01-18,-1.0,-7.9,4.1,0.0,,157.0,6.2,,1031.8,
2024-01-19,-1.4,-5.1,3.5,0.0,,125.0,5.1,,1034.4,
2024-01-20,-3.3,-3.9,1.1,0.0,,156.0,7.8,,1032.9,
2024-01-21,-8.3,-9.9,1.2,0.0,,321.0,26.9,,1041.5,
2024-01-22,-7.1,-10.9,-2.9,0.0,,320.0,22.1,,1044.4,
2024-01-23,-3.7,-9.8,0.5,0.0,,306.0,21.6,,1038.8,
2024-01-24,-1.2,-8.2,4.5,0.0,,2.0,10.5,,1035.1,
2024-01-25,0.7,-6.0,5.8,0.0,,339.0,15.6,,1032.1,
2024-01-26,-0.7,-4.9,5.8,0.0,,7.0,11.1,,1032.0,
2024-01-27,-2.3,-4.5,5.7,0.0,,357.0,9.9,,1031.8,
2024-01-28,-2.2,-11.9,7.1,0.0,,349.0,5.7,,1028.9,
2024-01-29,-2.1,-9.9,6.7,0.0,,86.0,7.8,,1029.2,
2024-01-30,-3.0,-7.9,3.2,0.0,,54.0,4.5,,1026.0,
2024-01-31,-1.8,-5.9,1.6,0.0,,31.0,11.3,,1031.0,
2024-02-01,-7.4,-9.9,1.6,0.0,,64.0,6.9,,1037.7,
2024-02-02,-5.2,-12.9,-0.9,0.0,,77.0,5.7,,1034.9,
2024-02-03,-3.1,-11.9,5.1,0.0,,48.0,5.7,,1035.1,
2024-02-04,-2.8,-9.9,4.2,0.0,,132.0,4.8,,1032.7,
2024-02-05,-0.9,-3.9,6.1,0.0,,216.0,6.3,,1029.9,
2024-02-06,-0.6,-8.9,5.0,0.0,,336.0,11.9,,1032.0,
2024-02-07,0.2,-5.9,6.7,0.0,,350.0,10.4,,1030.7,
2024-02-08,0.2,-4.9,8.1,0.0,,336.0,9.3,,1025.5,
2024-02-09,1.9,-9.9,9.3,0.0,,341.0,12.9,,1022.4,
2024-02-10,0.2,-2.9,9.3,0.0,,340.0,11.3,,1026.6,
2024-02-11,0.8,-8.9,12.5,0.0,,167.0,5.1,,1023.9,
2024-02-12,1.9,-6.9,12.5,0.0,,65.0,5.3,,1018.9,
2024-02-13,4.4,-3.0,15.8,0.0,,4.0,5.3,,1015.8,
2024-02-14,4.5,-1.9,12.2,0.0,,10.0,12.3,,1024.0,
2024-02-15,3.5,-4.1,12.2,0.0,,297.0,10.2,,1029.6,
2024-02-16,1.3,-3.9,9.5,0.0,,133.0,6.9,,1016.3,
2024-02-17,5.9,-3.9,11.8,0.0,,64.0,6.5,,1009.7,
2024-02-18,5.4,-0.0,11.8,0.5,,27.0,11.0,,1011.3,
2024-02-19,-0.1,-0.9,9.5,0.0,,2.0,19.7,,1027.7,
2024-02-20,-4.1,-5.9,3.6,6.6,99.0,23.0,12.8,,1034.4,
2024-02-21,-2.2,-5.6,1.1,0.0,,5.0,8.3,,1035.4,
2024-02-22,-1.9,-4.5,4.1,0.0,,332.0,10.5,,1037.5,
2024-02-23,-0.9,-6.4,4.1,0.0,,113.0,6.2,,1037.0,
2024-02-24,0.7,-4.9,6.1,0.0,,203.0,5.6,,1030.7,
2024-02-25,2.4,-4.9,10.4,0.0,,8.0,7.7,,1030.5,
2024-02-26,1.4,-6.9,10.4,0.0,,149.0,9.0,,1035.6,
2024-02-27,0.7,-3.9,5.9,0.0,,144.0,6.6,,1028.5,
2024-02-28,2.3,-3.9,7.1,0.0,,56.0,7.7,,1030.0,
2024-02-29,-1.6,-4.9,6.6,0.0,,343.0,18.8,,1035.0,
2024-03-01,1.0,-8.0,6.1,0.0,,241.0,12.8,,1029.4,
2024-03-02,3.0,-5.9,12.1,0.0,,294.0,10.7,,1015.3,
2024-03-03,2.7,-5.9,11.9,0.0,,88.0,9.0,,1017.7,
2024-03-04,3.7,-3.0,10.0,0.5,,46.0,6.3,,1019.1,
2024-03-05,1.4,1.1,6.6,0.3,,356.0,6.8,,1022.2,
2024-03-06,3.2,-2.9,10.0,0.0,,4.0,8.9,,1024.4,
2024-03-07,4.6,-4.9,12.1,0.0,,351.0,14.7,,1021.2,
2024-03-08,3.9,-3.9,12.1,0.0,,293.0,9.9,,1025.1,
2024-03-09,5.1,-5.9,14.5,0.0,,149.0,7.2,,1022.4,
2024-03-10,6.3,-1.2,14.5,0.0,,77.0,4.7,,1020.0,
2024-03-11,9.3,0.1,16.2,0.0,,15.0,10.1,,1017.4,
2024-03-12,7.9,-2.9,15.1,0.0,,282.0,9.0,,1023.3,
2024-03-13,10.5,-2.9,20.1,0.0,,277.0,7.2,,1017.9,
2024-03-14,12.5,-0.9,22.1,0.0,,234.0,9.8,,1017.2,
2024-03-15,14.1,5.7,22.1,0.0,,144.0,10.4,,1017.8,
2024-03-16,12.8,8.0,21.1,0.0,,335.0,16.5,,1018.6,
2024-03-17,8.3,5.1,21.2,0.0,,326.0,14.1,,1026.7,
2024-03-18,10.3,-0.9,16.1,0.0,,56.0,13.7,,1019.5,
2024-03-19,8.7,1.1,16.1,0.0,,334.0,22.4,,1023.0,
2024-03-20,8.3,-0.8,16.2,0.0,,198.0,9.5,,1024.4,
2024-03-21,8.7,0.1,15.5,0.0,,80.0,6.9,,1009.4,
2024-03-22,13.2,2.8,24.1,0.0,,311.0,9.6,,1004.9,
2024-03-23,15.0,7.5,23.6,0.0,,92.0,7.7,,1013.7,
2024-03-24,9.5,8.1,21.2,3.8,,98.0,6.6,,1021.0,
2024-03-25,10.7,5.8,16.1,0.0,,148.0,7.1,,1020.3,
2024-03-26,8.6,5.8,16.1,0.0,,93.0,7.3,,1019.7,
2024-03-27,9.5,6.7,11.2,1.3,,38.0,6.2,,1012.6,
2024-03-28,12.1,8.1,16.1,0.0,,302.0,21.9,,1007.8,
2024-03-29,14.4,8.1,20.1,0.0,,307.0,19.8,,1005.0,
2024-03-30,15.3,7.1,23.1,0.0,,347.0,14.9,,1010.9,
2024-03-31,13.4,4.1,21.1,0.0,,114.0,8.5,,1009.6,
2024-04-01,9.8,7.3,14.5,0.0,,127.0,8.1,,1012.8,
2024-04-02,13.3,9.4,21.1,0.0,,87.0,9.3,,1011.9,
2024-04-03,15.2,10.1,21.1,0.0,,205.0,10.1,,1016.2,
2024-04-04,11.2,7.1,20.5,0.0,,117.0,8.7,,1021.0,
2024-04-05,13.5,4.5,21.1,0.0,,165.0,7.5,,1017.7,
2024-04-06,19.1,6.1,28.1,0.0,,232.0,10.8,,1014.2,
2024-04-07,19.7,7.1,27.1,0.0,,240.0,8.4,,1013.8,
2024-04-08,16.3,10.1,26.9,0.0,,135.0,11.4,,1019.6,
2024-04-09,11.4,10.1,21.3,0.0,,157.0,12.5,,1024.4,
2024-04-10,8.7,6.1,16.1,3.6,,119.0,6.5,,1018.4,
2024-04-11,16.2,6.7,22.7,0.0,,97.0,5.6,,1012.9,
2024-04-12,18.9,9.6,27.2,0.0,,144.0,5.6,,1009.4,
2024-04-13,21.2,15.0,27.2,0.0,,156.0,9.5,,1010.7,
2024-04-14,16.3,15.1,26.4,0.0,,111.0,9.5,,1010.4,
2024-04-15,19.0,8.1,24.1,0.0,,314.0,19.4,,1010.4,
2024-04-16,18.0,8.1,27.1,0.0,,231.0,10.7,,1013.4,
2024-04-17,19.8,9.0,28.1,0.0,,169.0,7.7,,1010.6,
2024-04-18,22.7,12.4,29.1,0.0,,88.0,10.2,,1009.3,
2024-04-19,17.5,14.0,29.4,0.0,,99.0,8.0,,1010.8,
2024-04-20,16.2,13.1,23.1,0.0,,32.0,8.6,,1009.5,
2024-04-21,18.0,8.1,24.1,0.0,,146.0,9.0,,1011.0,
2024-04-22,17.0,11.9,24.9,15.7,,84.0,5.9,,1009.2,
2024-04-23,12.3,9.1,24.4,3.8,,53.0,10.1,,1008.8,
2024-04-24,18.1,7.5,25.5,0.0,,140.0,7.5,,1006.8,
2024-04-25,20.6,12.8,27.8,0.0,,100.0,7.5,,1001.8,
2024-04-26,21.2,15.1,27.8,0.0,,73.0,5.9,,1002.8,
2024-04-27,18.2,14.1,27.7,0.8,,83.0,8.1,,1010.4,
2024-04-28,12.3,11.1,22.9,0.3,,23.0,12.5,,1016.9,
2024-04-29,10.9,9.1,16.4,2.8,,7.0,7.4,,1016.3,
2024-04-30,17.4,6.1,25.1,0.0,,280.0,8.9,,1013.5,
2024-05-01,19.2,8.1,28.1,0.0,,192.0,10.2,,1011.5,
2024-05-02,19.9,8.1,28.1,0.0,,174.0,8.5,,1015.0,
2024-05-03,20.0,11.0,27.3,0.0,,182.0,10.5,,1015.8,
2024-05-04,18.8,12.9,26.7,0.0,,115.0,7.8,,1011.4,
2024-05-05,18.3,15.1,23.1,0.3,,168.0,8.1,,1008.1,
2024-05-06,20.7,14.1,27.1,0.0,,73.0,8.1,,1010.5,
2024-05-07,21.2,14.1,29.1,0.0,,325.0,8.9,,1017.0,
2024-05-08,23.1,13.2,31.1,0.0,,178.0,11.9,,1016.4,
2024-05-09,23.5,15.0,29.6,0.0,,130.0,9.6,,1010.7,
2024-05-10,20.7,19.1,28.9,5.8,,157.0,12.2,,1005.3,
2024-05-11,20.5,14.1,27.8,0.0,,317.0,18.8,,1011.3,
2024-05-12,21.2,11.3,29.3,0.0,,313.0,11.1,,1014.1,
2024-05-13,26.0,11.7,33.1,0.0,,192.0,11.3,,1009.4,
2024-05-14,24.0,17.1,32.5,0.0,,14.0,14.7,,1010.8,
2024-05-15,19.9,16.1,33.0,0.0,,281.0,16.7,,1021.2,
2024-05-16,22.0,11.2,29.1,0.0,,147.0,5.7,,1006.7,
2024-05-17,25.1,16.1,31.5,0.0,,96.0,7.1,,1004.3,
2024-05-18,25.9,19.3,31.9,0.0,,112.0,10.1,,1007.4,
2024-05-19,20.1,18.7,31.2,0.0,,125.0,10.8,,1010.6,
2024-05-20,22.1,15.1,28.1,0.0,,147.0,9.3,,1017.0,
2024-05-21,22.4,17.1,28.6,0.0,,140.0,7.8,,1015.2,
2024-05-22,25.2,17.0,31.1,0.0,,138.0,7.5,,1009.6,
2024-05-23,23.7,18.9,30.7,0.0,,114.0,9.6,,1006.8,
2024-05-24,17.4,15.0,29.7,1.0,,108.0,6.5,,1015.9,
2024-05-25,14.1,13.1,16.1,32.5,,36.0,5.1,,1012.6,
2024-05-26,22.1,13.1,29.1,0.0,,333.0,14.6,,1006.0,
2024-05-27,22.7,12.7,30.1,0.0,,25.0,7.7,,1007.9,
2024-05-28,25.2,14.3,32.1,0.0,,179.0,7.7,,1007.2,
2024-05-29,26.4,20.1,32.1,0.0,,188.0,13.7,,1004.1,
2024-05-30,23.9,17.1,32.1,5.3,,182.0,9.3,,1003.8,
2024-05-31,22.9,18.9,32.8,0.0,,7.0,13.2,,1012.6,
2024-06-01,26.7,15.3,33.1,0.0,,186.0,9.0,,1012.7,
2024-06-02,25.5,20.8,33.1,0.0,,86.0,8.6,,1009.8,
2024-06-03,26.9,17.3,34.1,0.0,,149.0,9.0,,1011.0,
2024-06-04,27.6,19.3,34.1,0.0,,130.0,9.5,,1012.7,
2024-06-05,23.1,20.1,33.1,0.0,,110.0,8.6,,1012.6,
2024-06-06,26.0,18.6,30.1,0.0,,159.0,8.6,,1011.4,
2024-06-07,18.6,17.2,30.1,23.4,,28.0,7.5,,1007.5,
2024-06-08,24.7,16.1,31.1,0.0,,142.0,6.9,,1004.6,
2024-06-09,29.0,20.0,36.1,0.0,,83.0,9.5,,1004.2,
2024-06-10,26.7,21.1,35.5,0.0,,116.0,7.4,,1003.1,
2024-06-11,28.0,19.1,37.0,1.8,,115.0,8.0,,998.4,
2024-06-12,28.9,19.1,37.0,0.0,,109.0,7.8,,998.8,
2024-06-13,27.7,20.9,36.4,9.1,,100.0,9.2,,997.6,
2024-06-14,26.9,21.5,33.9,0.0,,125.0,8.1,,1001.6,
2024-06-15,26.9,21.1,33.3,0.0,,53.0,7.7,,1005.3,
2024-06-16,29.3,19.7,36.1,0.0,,186.0,11.7,,1005.9,
2024-06-17,30.5,20.1,38.1,0.0,,195.0,11.7,,1002.6,
2024-06-18,31.4,22.8,38.1,0.0,,168.0,9.9,,1000.9,
2024-06-19,30.3,24.1,37.2,0.0,,154.0,10.1,,1000.9,
2024-06-20,27.3,24.3,36.1,0.0,,115.0,10.7,,1001.1,
2024-06-21,22.6,21.0,33.0,8.6,,95.0,5.6,,1000.8,
2024-06-22,28.0,21.0,35.1,0.0,,264.0,10.4,,997.1,
2024-06-23,26.4,21.1,34.2,0.0,,21.0,11.6,,1000.2,
2024-06-24,27.2,20.1,34.1,0.0,,343.0,8.7,,1007.6,
2024-06-25,29.0,18.9,35.4,0.0,,92.0,9.0,,1009.0,
2024-06-26,30.8,22.6,38.1,0.0,,145.0,9.5,,1010.2,
2024-06-27,29.1,26.1,36.3,0.0,,171.0,11.5,,1006.0,
2024-06-28,30.6,22.8,37.1,0.0,,153.0,10.2,,1001.7,
2024-06-29,26.4,22.1,36.0,4.1,,106.0,9.5,,999.1,
2024-06-30,27.9,20.9,34.1,20.6,,163.0,7.2,,997.4,
2024-07-01,25.7,20.9,32.9,0.3,,160.0,8.9,,1004.2,
2024-07-02,21.3,18.1,28.5,2.0,,6.0,6.9,,1003.5,
2024-07-03,24.9,16.5,29.1,0.0,,217.0,7.5,,1005.1,
2024-07-04,25.9,21.3,30.1,0.0,,137.0,7.4,,1003.4,
2024-07-05,28.0,22.5,33.1,3.8,,147.0,7.1,,999.6,
2024-07-06,27.7,22.6,35.1,0.0,,243.0,9.0,,997.6,
2024-07-07,26.7,22.1,33.4,0.0,,46.0,6.5,,1001.2,
2024-07-08,27.4,22.3,33.2,0.0,,22.0,7.2,,1003.9,
2024-07-09,27.8,23.1,33.2,0.0,,96.0,6.3,,1005.2,
2024-07-10,29.2,22.9,36.1,0.0,,192.0,7.4,,1003.2,
2024-07-11,29.9,24.3,35.1,0.0,,151.0,6.5,,999.9,
2024-07-12,23.9,21.9,34.3,47.5,,30.0,9.8,,1000.3,
2024-07-13,24.2,21.0,32.1,17.8,,46.0,5.8,,1005.0,
2024-07-14,26.0,21.0,30.1,0.0,,81.0,4.7,,1009.1,
2024-07-15,26.6,23.1,30.0,16.8,,116.0,5.9,,1008.6,
2024-07-16,25.6,22.9,30.3,5.8,,142.0,5.7,,1003.8,
2024-07-17,29.3,21.1,36.1,0.0,,288.0,8.3,,1001.5,
2024-07-18,30.4,22.1,38.1,0.0,,275.0,10.2,,998.1,
2024-07-19,28.7,22.1,38.1,2.5,,169.0,7.8,,997.6,
2024-07-20,30.7,22.9,35.7,0.0,,155.0,8.7,,998.7,
2024-07-21,29.5,26.9,34.6,29.7,,155.0,9.2,,999.1,
2024-07-22,29.2,23.9,34.4,0.3,,111.0,8.6,,998.0,
2024-07-23,31.7,25.2,36.0,0.0,,127.0,7.2,,997.1,
2024-07-24,28.8,24.3,36.4,22.1,,133.0,7.8,,998.4,
2024-07-25,25.1,24.1,36.4,20.6,,73.0,4.4,,999.8,
2024-07-26,28.2,24.4,32.6,0.0,,105.0,6.6,,1002.5,
2024-07-27,29.5,26.1,33.7,0.0,,108.0,7.2,,1006.0,
2024-07-28,31.5,25.9,36.1,0.0,,201.0,8.1,,1003.0,
2024-07-29,30.9,27.1,35.4,2.0,,162.0,8.0,,1003.6,
2024-07-30,25.6,24.7,35.4,125.5,,96.0,7.4,,1000.0,
2024-07-31,27.9,24.1,34.1,7.9,,186.0,8.3,,996.4,
2024-08-01,29.9,24.6,34.3,0.0,,50.0,6.3,,997.9,
2024-08-02,28.2,24.9,34.8,14.5,,63.0,6.5,,1001.3,
2024-08-03,28.3,24.9,34.1,3.0,,20.0,5.8,,1004.2,
2024-08-04,27.4,23.6,33.1,2.0,,145.0,7.9,,1001.9,
2024-08-05,29.2,22.2,35.1,0.0,,225.0,7.8,,1002.9,
2024-08-06,29.8,25.0,34.2,0.0,,130.0,6.8,,1004.9,
2024-08-07,26.1,23.1,34.2,0.0,,125.0,6.3,,1005.1,
2024-08-08,28.9,23.1,34.1,0.0,,124.0,5.3,,1004.5,
2024-08-09,25.9,25.1,33.7,117.9,,103.0,9.2,,1000.7,
2024-08-10,27.2,23.1,33.1,7.6,,64.0,6.6,,993.6,
2024-08-11,30.1,23.1,33.1,0.0,,272.0,10.4,,994.3,
2024-08-12,27.3,24.1,30.1,0.0,,9.0,18.8,,1001.8,
2024-08-13,24.9,22.9,31.0,0.0,,27.0,11.3,,1010.5,
2024-08-14,28.2,23.8,33.1,0.0,,71.0,7.1,,1011.0,
2024-08-15,27.5,25.1,32.2,2.3,,140.0,6.5,,1009.4,
2024-08-16,25.7,23.3,32.0,71.1,,74.0,5.7,,1009.9,
2024-08-17,27.0,24.1,32.1,28.2,,99.0,6.5,,1010.5,
2024-08-18,26.3,23.1,32.0,0.0,,122.0,5.0,,1007.3,
2024-08-19,25.8,23.4,30.9,0.0,,69.0,5.4,,1006.3,
2024-08-20,25.4,24.1,29.1,5.3,,15.0,8.1,,1006.0,
2024-08-21,27.7,23.1,33.1,0.0,,334.0,5.9,,1004.4,
2024-08-22,29.8,23.4,36.1,0.0,,14.0,6.3,,1002.8,
2024-08-23,25.7,22.1,35.5,0.8,,106.0,6.5,,1007.0,
2024-08-24,27.5,21.6,33.4,0.0,,77.0,5.7,,1009.4,
2024-08-25,26.5,23.1,32.8,32.3,,43.0,6.5,,1009.4,
2024-08-26,20.9,18.4,29.9,60.2,,21.0,13.1,,1007.9,
2024-08-27,24.3,18.0,32.1,0.0,,34.0,8.0,,1011.1,
2024-08-28,24.2,18.2,31.1,0.0,,110.0,5.7,,1010.6,
2024-08-29,25.5,19.3,31.1,0.0,,170.0,6.6,,1008.7,
2024-08-30,29.1,21.3,34.1,0.0,,152.0,4.8,,1008.2,
2024-08-31,26.2,24.1,34.2,3.0,,112.0,7.1,,1008.3,
2024-09-01,26.4,21.1,33.1,0.0,,22.0,9.8,,1007.6,
2024-09-02,23.3,19.1,32.7,0.0,,28.0,8.4,,1011.3,
2024-09-03,23.5,19.0,28.5,0.0,,153.0,5.6,,1010.2,
2024-09-04,22.8,21.1,27.4,2.5,,89.0,6.3,,1005.9,
2024-09-05,22.9,18.1,30.1,0.0,,19.0,7.4,,1012.3,
2024-09-06,24.3,18.1,30.0,0.5,,41.0,4.8,,1015.1,
2024-09-07,19.8,18.9,30.0,10.4,,35.0,5.3,,1015.9,
2024-09-08,21.5,18.9,23.5,0.0,,35.0,4.5,,1014.7,
2024-09-09,22.4,20.8,25.1,0.3,,33.0,4.7,,1010.7,
2024-09-10,20.4,18.1,25.1,0.0,,25.0,10.8,,1017.3,
2024-09-11,21.2,18.1,28.1,0.0,,19.0,7.2,,1020.5,
2024-09-12,22.2,17.0,29.4,0.0,,46.0,6.6,,1016.3,
2024-09-13,23.9,18.5,29.4,0.0,,58.0,6.6,,1010.6,
2024-09-14,20.1,17.1,29.0,0.0,,20.0,9.5,,1012.6,
2024-09-15,20.0,16.1,26.1,0.0,,145.0,4.8,,1015.3,
2024-09-16,23.0,18.0,28.1,0.0,,44.0,5.1,,1015.4,
2024-09-17,24.9,19.0,29.1,0.0,,21.0,7.1,,1016.7,
2024-09-18,24.7,20.1,29.5,0.0,,55.0,5.1,,1015.3,
2024-09-19,26.3,21.4,30.6,0.0,,134.0,4.8,,1013.2,
2024-09-20,15.3,14.1,30.6,10.7,,45.0,12.8,,1016.3,
2024-09-21,16.8,12.1,24.1,0.0,,354.0,14.3,,1021.4,
2024-09-22,16.0,9.1,23.1,0.0,,25.0,8.3,,1022.8,
2024-09-23,17.2,10.1,24.1,0.0,,183.0,6.5,,1019.0,
2024-09-24,19.7,11.8,25.1,0.8,,131.0,7.5,,1013.7,
2024-09-25,19.4,15.1,25.1,0.0,,30.0,7.5,,1014.9,
2024-09-26,20.0,16.0,25.1,0.0,,77.0,4.7,,1017.0,
2024-09-27,20.0,18.1,24.6,0.0,,101.0,5.5,,1016.1,
2024-09-28,20.5,18.1,24.6,0.0,,42.0,4.7,,1016.5,
2024-09-29,19.5,15.1,25.1,22.4,,123.0,11.1,,1015.4,
2024-09-30,15.0,13.1,25.5,1.0,,347.0,13.8,,1020.3,
2024-10-01,13.1,12.1,18.1,0.0,,297.0,21.7,,1021.4,
2024-10-02,12.9,5.1,21.1,0.0,,291.0,10.5,,1023.9,
2024-10-03,14.2,5.8,23.1,0.0,,186.0,8.6,,1023.2,
2024-10-04,14.0,7.6,22.8,0.0,,99.0,5.9,,1022.0,
2024-10-05,16.4,8.8,23.2,0.0,,69.0,4.8,,1021.8,
2024-10-06,15.2,14.1,23.2,0.0,,21.0,6.7,,1023.2,
2024-10-07,13.9,7.9,22.3,0.0,,27.0,7.1,,1025.2,
2024-10-08,15.7,7.7,24.1,0.0,,322.0,7.5,,1020.8,
2024-10-09,16.2,12.1,23.6,0.0,,95.0,5.5,,1014.4,
2024-10-10,13.7,9.1,22.2,0.0,,296.0,17.2,,1017.7,
2024-10-11,14.2,6.1,23.4,0.0,,77.0,5.2,,1017.0,
2024-10-12,17.5,9.5,24.4,0.0,,47.0,6.0,,1021.2,
2024-10-13,16.8,13.5,24.4,0.0,,49.0,5.2,,1019.3,
2024-10-14,17.0,14.1,22.1,0.0,,73.0,6.1,,1014.2,
2024-10-15,15.7,11.1,22.0,0.0,,60.0,10.9,,1022.4,
2024-10-16,15.5,12.2,22.0,0.0,,113.0,7.2,,1024.0,
2024-10-17,16.2,13.4,18.2,1.3,,23.0,5.8,,1019.8,
2024-10-18,13.9,11.1,19.1,0.5,,12.0,12.9,,1020.2,
2024-10-19,5.6,2.1,19.0,0.0,,44.0,12.5,,1036.5,
2024-10-20,6.6,-0.6,13.3,0.3,,133.0,8.8,,1031.2,
2024-10-21,10.1,1.2,14.1,0.0,,156.0,5.9,,1023.1,
2024-10-22,8.3,4.1,17.4,0.5,,15.0,13.3,,1023.7,
2024-10-23,9.9,2.4,19.1,0.0,,116.0,6.4,,1019.6,
2024-10-24,11.9,4.6,21.6,0.0,,83.0,5.9,,1020.9,
2024-10-25,13.3,6.8,21.6,0.0,,69.0,5.0,,1023.9,
2024-10-26,12.4,9.1,19.8,0.0,,42.0,4.4,,1022.3,
2024-10-27,10.2,5.1,20.1,0.0,,356.0,9.0,,1022.5,
2024-10-28,11.0,2.8,19.1,0.0,,146.0,7.0,,1018.4,
2024-10-29,11.7,5.1,21.1,0.0,,74.0,6.0,,1017.7,
2024-10-30,12.7,5.1,18.1,0.2,,109.0,6.8,,1024.1,
2024-10-31,14.1,11.1,18.1,0.0,,132.0,5.0,,1023.3,
2024-11-01,13.9,8.1,22.1,0.0,,287.0,7.1,,1023.6,
2024-11-02,12.8,9.1,16.8,0.0,,132.0,4.0,,1022.4,
2024-11-03,13.0,9.7,16.7,0.0,,345.0,10.9,,1021.9,
2024-11-04,8.8,4.6,11.7,,,317.0,11.3,,1032.0,
2024-11-05,7.8,1.1,14.6,,,308.0,6.4,,1030.1,
2024-11-06,7.4,1.9,14.0,,,113.0,4.4,,1030.1,
2024-11-07,6.9,3.1,11.6,,,112.0,3.8,,1029.4,
2024-11-08,7.6,3.8,11.4,,,84.0,4.8,,1027.3,
2024-11-09,8.7,5.8,13.2,,,84.0,4.2,,1024.5,
2024-11-10,8.2,5.7,11.8,,,44.0,5.2,,1023.7,
